tm_eneg,tm_ionic_radius,tm_max_oxidation_state,anion_eneg,li_per_fu,spacegroup_number,crystal_system,volume_per_atom,density,neg_avg_voltage,max_delta_volume
1.83,1.4,3.0,3.44,3.0,12,2,11.6805,3.2509,,
1.66,1.4,6.0,3.44,4.0,8,2,11.2581,4.526,,
1.63,1.35,5.0,3.44,2.0,1,1,12.0074,3.2711,,
1.83,1.4,3.0,3.44,1.0,6,2,12.0229,5.1746,-2.575724,0.006546
1.88,1.35,3.0,3.44,1.0,161,5,13.0941,3.0561,,
1.55,1.4,7.0,3.44,1.0,161,5,13.1206,3.0387,,
1.88,1.35,3.0,3.44,2.0,1,1,13.9557,2.3659,,
1.904,1.35,2.2,3.44,3.0,12,2,10.4835,5.1381,,
1.9,1.35,2.3333,3.44,3.0,41,3,11.3385,4.4312,,
1.88,1.35,3.0,3.44,1.0,2,1,12.4853,3.0268,,
1.88,1.35,3.0,3.44,2.0,1,1,13.8677,2.6401,,
1.88,1.35,3.0,3.44,1.0,146,5,13.7729,2.7517,,
1.88,1.35,3.0,3.44,1.0,15,2,10.7863,3.611,,
1.88,1.35,3.0,3.44,14.0,2,1,11.4263,4.3035,-3.775022,0.021126
1.88,1.35,3.0,3.44,2.0,1,1,12.1606,2.9055,,
1.88,1.35,3.0,3.44,1.0,13,2,12.7413,3.0374,,
1.88,1.35,3.0,3.44,3.0,167,5,12.1385,3.2412,-4.381303,0.092714
1.88,1.35,3.0,3.44,2.0,14,2,12.4302,3.1908,,
1.88,1.35,3.0,3.44,1.0,5,2,15.1311,2.5329,,
1.88,1.35,3.0,3.44,6.0,1,1,12.1507,2.6974,,
1.88,1.35,3.0,3.44,5.0,2,1,11.7304,4.4213,,
1.88,1.35,3.0,3.44,3.0,8,2,11.4039,4.4882,,
1.898,1.35,2.4,3.44,5.0,2,1,11.3604,4.4235,,
1.88,1.35,3.0,3.44,1.0,11,2,11.7516,3.4928,,
1.88,1.35,3.0,3.44,4.0,1,1,14.2883,2.8056,,
1.88,1.35,3.0,3.44,2.0,2,1,11.7153,3.5414,,
1.88,1.35,3.0,3.44,1.0,20,3,14.3707,2.7199,,
1.88,1.35,3.0,3.44,3.0,1,1,13.437,2.9911,,
1.88,1.35,3.0,3.44,2.0,1,1,14.1641,3.2552,,
1.88,1.35,3.0,3.44,2.0,166,5,12.1338,5.8593,,
1.88,1.35,3.0,3.44,4.0,1,1,11.195,5.4302,,
1.88,1.35,3.0,3.44,4.0,166,5,11.5189,4.4249,,
1.8875,1.35,2.75,3.44,4.0,6,2,11.5184,3.6965,,
1.895,1.35,2.5,3.44,4.0,8,2,11.0576,5.4066,,
1.8987,1.35,2.375,3.44,6.0,8,2,10.7969,4.654,,
1.8875,1.35,2.75,3.44,4.0,15,2,11.749,4.2811,,
1.88,1.35,3.0,3.44,4.0,33,3,13.5654,3.0084,,
1.88,1.35,3.0,3.44,6.0,1,1,12.7885,3.3164,,
1.88,1.35,3.0,3.44,2.0,186,6,10.722,5.5051,,
1.88,1.35,3.0,3.44,2.0,186,6,10.9155,5.3689,,
1.88,1.35,3.0,3.44,2.0,166,5,11.3976,5.2497,,
1.88,1.35,3.0,3.44,6.0,2,1,12.6684,3.1664,,
1.88,1.35,3.0,3.44,4.0,14,2,12.8154,3.2688,,
1.885,1.35,2.8333,3.44,4.0,12,2,11.11,4.5283,,
1.88,1.35,3.0,3.44,4.0,12,2,11.6138,4.8329,,
1.88,1.35,3.0,3.44,4.0,8,2,11.483,5.6244,,
1.88,1.35,3.0,3.44,1.0,11,2,11.6044,3.6911,,
1.88,1.35,3.0,3.44,5.0,4,2,11.4787,4.2048,,
1.88,1.35,3.0,3.44,14.0,1,1,13.2562,2.9723,,
1.88,1.35,3.0,3.44,2.0,14,2,15.1758,2.4609,,
1.88,1.35,3.0,3.44,2.0,4,2,14.6094,2.4438,,
1.88,1.35,3.0,3.44,5.0,11,2,12.2829,3.5197,-3.999562,0.060604
1.88,1.35,3.0,3.44,6.0,6,2,12.7837,3.4068,,
1.88,1.35,3.0,3.44,2.0,12,2,11.2909,4.5708,,
1.88,1.35,3.0,3.44,2.0,7,2,15.1797,3.5656,,
1.88,1.35,3.0,3.44,2.0,9,2,10.1489,1.9557,-4.671781,0.048372
1.88,1.35,3.0,3.44,2.0,14,2,11.5973,2.0115,,
1.895,1.35,2.5,3.44,2.0,11,2,11.4394,3.7206,,
1.9025,1.35,2.25,3.44,4.0,2,1,11.411,4.4021,,
1.907,1.35,2.1,3.44,10.0,1,1,11.3764,4.4137,,
1.88,1.35,3.0,3.44,4.0,1,1,20.9372,2.1202,,
1.88,1.35,3.0,3.44,1.0,5,2,12.0438,3.2108,-5.270537,0.024011
1.88,1.35,3.0,3.44,3.0,4,2,13.1003,2.7115,,
1.88,1.35,3.0,3.44,2.0,2,1,10.5115,3.3749,,
1.88,1.35,3.0,3.44,1.0,62,3,11.3528,3.7518,,
1.88,1.35,3.0,3.98,2.0,2,1,12.9745,3.1613,,
1.88,1.35,3.0,3.44,1.0,74,3,12.4792,5.4266,,
1.88,1.35,3.0,3.44,2.0,7,2,14.8783,2.8091,,
1.88,1.35,3.0,3.44,3.0,7,2,15.4108,2.5709,,
1.88,1.35,3.0,3.44,2.0,11,2,12.6125,4.033,,
1.88,1.35,3.0,3.44,2.0,74,3,13.6722,4.8914,,
1.66,1.4,6.0,3.44,3.0,1,1,12.9696,2.4129,,
1.66,1.4,6.0,3.44,4.0,2,1,11.5479,2.7483,,
1.66,1.4,6.0,3.44,3.0,40,3,12.7548,2.3236,,
1.8067,1.3667,4.0,3.44,2.0,64,3,11.5439,4.2492,,
1.7733,1.4,4.0,3.44,3.0,2,1,12.4421,3.8509,,
1.66,1.4,6.0,3.44,1.0,2,1,12.8481,4.2115,,
1.66,1.4,6.0,3.44,1.0,19,3,12.4505,2.964,-2.827417,0.027993
1.66,1.4,6.0,3.44,1.0,4,2,15.0631,2.3856,,
1.66,1.4,6.0,3.44,2.0,7,2,14.8969,2.3719,,
1.66,1.4,6.0,3.44,3.0,4,2,12.7285,2.8694,,
1.66,1.4,6.0,3.44,1.0,146,5,13.4053,2.7491,,
1.66,1.4,6.0,3.44,3.0,37,3,13.9263,2.4959,,
1.66,1.4,6.0,3.44,1.0,15,2,11.6981,3.2201,,
1.66,1.4,6.0,3.44,4.0,1,1,13.3658,6.177,,
1.7167,1.4,5.0,3.44,3.0,8,2,11.6807,4.3128,,
1.7226,1.4,4.8947,3.44,9.0,1,1,13.8319,3.1945,-4.030245,0.004233
1.66,1.4,6.0,3.44,9.0,1,1,13.371,3.2547,,
1.66,1.4,6.0,3.44,3.0,1,1,13.5246,2.8088,,
1.66,1.4,6.0,2.58,3.0,14,2,29.1944,1.9462,-2.909581,0.090876
1.66,1.4,6.0,3.44,1.0,14,2,12.3192,3.1096,,
1.7333,1.3833,5.0,3.44,3.0,8,2,11.9464,3.9989,,
1.762,1.4,4.2,3.44,5.0,2,1,12.3896,3.8557,,
1.7814,1.4,3.8571,3.44,5.0,5,2,11.9696,4.1999,,
1.7167,1.4,5.0,3.44,3.0,2,1,12.2881,3.8413,,
1.8386,1.3643,3.1429,3.44,5.0,4,2,11.152,4.6195,,
1.66,1.4,6.0,3.44,1.0,62,3,13.0598,3.0314,,
1.66,1.4,6.0,3.44,1.0,14,2,13.0706,2.8578,,
1.66,1.4,6.0,3.44,4.0,1,1,11.5008,2.8121,,
1.66,1.4,6.0,3.44,5.0,2,1,12.7564,2.8474,,
1.748,1.38,4.8,3.44,2.0,60,3,14.9602,3.0416,,
1.66,1.4,6.0,3.44,2.0,60,3,14.3528,3.2331,,
1.728,1.4,4.8,3.44,1.0,160,5,11.5109,4.3907,,
1.728,1.4,4.8,3.44,2.0,60,3,15.147,2.9643,-3.247687,0.018875
1.76,1.38,4.4,3.44,3.0,14,2,14.2039,3.2003,,
1.66,1.4,6.0,3.44,3.0,1,1,12.9655,2.984,,
1.715,1.3875,5.25,3.44,4.0,6,2,11.3789,3.6167,,
1.715,1.3875,5.25,3.44,7.0,146,5,13.3186,2.8777,-4.286054,0.044162
1.77,1.375,4.5,3.44,4.0,1,1,11.1116,5.1825,,
1.77,1.375,4.5,3.44,4.0,8,2,11.1503,5.237,,
1.7975,1.3687,4.125,3.44,4.0,8,2,10.2409,4.7742,,
1.715,1.3875,5.25,3.44,4.0,1,1,12.1477,3.9063,,
1.66,1.4,6.0,3.44,4.0,6,2,11.4677,3.6165,,
1.66,1.4,6.0,3.44,4.0,166,5,12.0435,3.9931,,
1.7025,1.4,5.25,3.44,7.0,146,5,13.742,2.778,,
1.728,1.4,4.8,3.44,4.0,8,2,12.1563,5.0596,,
1.745,1.4,4.5,3.44,4.0,8,2,12.0522,4.7919,,
1.7025,1.4,5.25,3.44,4.0,1,1,12.4678,3.7717,,
1.66,1.4,6.0,3.44,4.0,1,1,12.3019,3.9787,,
1.7225,1.3875,5.0,3.44,4.0,6,2,11.4212,3.6018,,
1.7225,1.3875,5.0,3.44,6.0,146,5,13.6283,2.8114,,
1.7225,1.3875,5.0,3.44,2.0,146,5,13.0274,2.9657,,
1.7225,1.3875,5.0,3.44,4.0,10,2,12.0569,3.9329,,
1.66,1.4,6.0,3.44,1.0,11,2,12.7178,3.1398,,
1.66,1.4,6.0,3.44,4.0,33,3,13.541,2.8978,,
1.66,1.4,6.0,3.44,6.0,146,5,13.7579,3.2292,,
1.66,1.4,6.0,3.44,9.0,1,1,14.6217,2.4637,,
1.66,1.4,6.0,3.44,2.0,9,2,11.8497,4.7382,,
1.66,1.4,6.0,3.44,4.0,1,1,12.8863,5.4316,,
1.66,1.4,6.0,3.44,2.0,186,6,11.8465,4.8077,,
1.66,1.4,6.0,3.44,2.0,186,6,11.8955,5.4421,-3.537952,0.039436
1.66,1.4,6.0,3.44,1.0,62,3,12.706,3.3903,,
1.66,1.4,6.0,3.44,1.0,2,1,12.641,3.0355,,
1.66,1.4,6.0,3.44,2.0,2,1,12.9077,3.3354,,
1.66,1.4,6.0,3.44,2.0,60,3,15.0055,2.9421,,
1.66,1.4,6.0,3.44,2.0,4,2,14.7485,2.8252,,
1.66,1.4,6.0,3.44,1.0,60,3,12.2182,1.966,,
1.77,1.375,4.5,3.44,2.0,11,2,11.4929,3.6226,,
1.825,1.3625,3.75,3.44,4.0,6,2,11.4898,3.6653,,
1.825,1.3625,3.75,3.44,2.0,166,5,11.0789,4.4564,,
1.8433,1.3583,3.5,3.44,4.0,12,2,11.4207,4.351,,
1.77,1.375,4.5,3.44,4.0,2,1,11.9513,4.0508,,
1.745,1.4,4.5,3.44,2.0,11,2,11.745,3.5084,,
1.7875,1.4,3.75,3.44,7.0,1,1,13.6647,2.8213,,
1.7875,1.4,3.75,3.44,4.0,146,5,12.5094,3.3792,,
1.7875,1.4,3.75,3.44,4.0,166,5,12.6199,3.8107,,
1.745,1.4,4.5,3.44,2.0,2,1,12.5078,3.8022,,
1.785,1.375,4.0,3.44,2.0,11,2,11.5537,3.6007,,
1.8475,1.3625,3.0,3.44,4.0,6,2,11.383,3.6954,,
1.8475,1.3625,3.0,3.44,4.0,12,2,11.753,4.1924,,
1.8683,1.3583,2.6667,3.44,4.0,146,5,12.2122,3.4571,,
1.785,1.375,4.0,3.44,2.0,74,3,11.7781,4.1047,,
1.66,1.4,6.0,3.44,1.0,227,7,12.2294,3.8017,,
1.66,1.4,6.0,3.44,4.0,2,1,18.568,2.0747,,
1.66,1.4,6.0,3.98,5.0,143,5,14.9354,2.3941,-4.518893,0.028516
1.66,1.4,6.0,3.44,1.0,14,2,11.8529,3.1653,,
1.66,1.4,6.0,3.44,4.0,1,1,14.7093,2.4266,,
1.66,1.4,6.0,3.44,5.0,1,1,13.4324,2.5587,,
1.66,1.4,6.0,3.44,1.0,2,1,10.7433,3.1681,,
1.66,1.4,6.0,3.44,1.0,1,1,13.9424,2.9173,,
1.66,1.4,6.0,3.98,1.0,33,3,14.8488,2.6514,,
1.66,1.4,6.0,3.44,2.0,14,2,12.6869,3.0472,,
1.66,1.4,6.0,3.44,3.0,143,5,13.9528,2.6202,,
1.66,1.4,6.0,3.44,4.0,1,1,12.6697,6.0557,,
1.66,1.4,6.0,3.44,2.0,8,2,13.7174,5.0212,,
1.55,1.4,7.0,3.44,1.0,36,3,22.9648,3.9743,-3.164047,0.026894
1.55,1.4,7.0,3.44,1.0,5,2,15.2082,3.0147,-2.612494,0.080135
1.91,1.35,2.0,3.44,5.0,4,2,11.2803,4.7459,,
1.91,1.35,2.0,3.44,4.0,2,1,11.6428,4.3693,,
1.83,1.4,3.0,3.44,3.0,14,2,13.1441,2.4349,,
1.83,1.4,3.0,3.44,2.0,1,1,14.1887,2.2869,,
1.83,1.4,3.0,3.44,5.0,1,1,13.7224,2.1061,,
1.8633,1.3667,3.0,3.44,3.0,12,2,11.5877,4.2944,,
1.83,1.4,3.0,3.44,3.0,12,2,12.254,4.1998,,
1.83,1.4,3.0,3.44,1.0,2,1,13.6006,2.7495,-4.379253,0.010718
1.83,1.4,3.0,3.44,1.0,4,2,15.5836,2.33,,
1.83,1.4,3.0,3.44,3.0,2,1,13.2611,2.7979,,
1.83,1.4,3.0,3.44,1.0,146,5,14.0965,2.6555,,
1.83,1.4,3.0,3.44,3.0,1,1,12.5551,5.7174,,
1.83,1.4,3.0,3.44,1.0,30,3,14.9822,3.9286,,
1.83,1.4,3.0,3.44,1.0,122,4,16.8992,3.382,-5.054419,0.017864
1.83,1.4,3.0,3.44,3.0,64,3,14.185,2.4708,,
1.83,1.4,3.0,3.44,1.0,61,3,14.3917,2.6668,,
1.83,1.4,3.0,3.44,3.0,14,2,14.1875,3.6383,,
1.83,1.4,3.0,3.44,2.0,146,5,12.3941,2.7917,,
2.028,1.43,4.8,3.44,2.0,60,3,17.5169,3.2984,,
1.83,1.4,3.0,3.44,3.0,12,2,12.1678,3.1838,,
1.83,1.4,3.0,3.44,1.0,148,5,13.4487,2.9043,,
1.83,1.4,3.0,3.44,2.0,14,2,13.0849,2.8577,,
1.83,1.4,3.0,3.44,6.0,70,3,13.3967,2.4132,-3.488504,0.035721
1.86,1.37,3.0,3.44,5.0,6,2,11.4415,4.3393,,
1.86,1.37,3.0,3.44,4.0,8,2,11.5692,5.4408,,
1.8467,1.3833,3.0,3.44,3.0,12,2,11.8888,4.1377,,
1.83,1.4,3.0,3.44,5.0,2,1,12.5709,4.0713,,
1.8567,1.3833,2.6667,3.44,2.0,167,5,12.3233,3.4084,,
1.878,1.37,2.4,3.44,5.0,1,1,11.7139,4.2316,,
1.8871,1.3643,2.2857,3.44,5.0,4,2,11.3076,4.6154,,
1.8567,1.3833,2.6667,3.44,3.0,12,2,11.7083,4.1977,,
1.83,1.4,3.0,3.98,1.0,15,2,12.2788,3.8771,,
1.83,1.4,3.0,3.98,1.0,62,3,13.1131,3.8978,,
1.83,1.4,3.0,3.44,4.0,1,1,11.8585,2.7703,,
1.83,1.4,3.0,3.44,2.0,14,2,14.8746,2.8402,,
1.83,1.4,3.0,3.44,4.0,1,1,14.6036,2.6982,,
1.83,1.4,3.0,3.44,5.0,7,2,12.3646,2.8469,,
1.862,1.38,2.6,3.44,5.0,1,1,12.0041,4.103,,
1.83,1.4,3.0,3.98,4.0,1,1,14.3845,3.2903,,
1.83,1.4,3.0,3.44,2.0,2,1,12.4784,3.2661,,
1.83,1.4,3.0,3.44,1.0,20,3,14.749,2.6142,,
1.83,1.4,3.0,3.44,3.0,1,1,13.6053,2.9049,-5.296847,0.008416
1.83,1.4,3.0,3.44,2.0,1,1,15.2012,2.9553,,
1.83,1.4,3.0,3.44,5.0,2,1,13.8989,4.4997,,
1.8425,1.3875,3.0,3.44,4.0,6,2,11.8553,3.5388,,
1.8425,1.3875,3.0,3.44,7.0,1,1,13.4106,2.9,,
1.8725,1.3687,2.625,3.44,10.0,8,2,11.3567,4.3711,,
1.855,1.375,3.0,3.44,4.0,8,2,11.5149,5.0704,,
1.855,1.375,3.0,3.44,4.0,1,1,11.7523,5.0367,,
1.865,1.365,3.0,3.44,10.0,10,2,11.3985,4.3707,,
1.8425,1.3875,3.0,3.44,4.0,12,2,12.383,3.9611,,
1.83,1.4,3.0,3.44,4.0,6,2,11.8497,3.5674,,
1.83,1.4,3.0,3.44,4.0,2,1,12.5157,3.9701,,
1.85,1.3875,2.75,3.44,4.0,6,2,11.9042,3.5228,,
1.85,1.3875,2.75,3.44,7.0,1,1,13.7582,2.8259,-4.394681,0.009076
1.886,1.365,2.3,3.44,10.0,10,2,11.8276,4.2043,,
1.83,1.4,3.0,3.44,1.0,10,2,11.3363,4.845,,
1.83,1.4,3.0,3.44,5.0,9,2,13.3083,3.3522,,
1.83,1.4,3.0,3.98,3.0,9,2,14.1324,3.381,,
1.83,1.4,3.0,3.44,1.0,14,2,12.7429,3.3455,,
1.83,1.4,3.0,3.44,1.0,11,2,13.1866,3.1047,,
1.83,1.4,3.0,3.44,4.0,33,3,13.6744,2.9333,,
1.83,1.4,3.0,3.44,4.0,6,2,12.7612,3.6282,,
1.83,1.4,3.0,3.44,6.0,146,5,14.2603,2.9424,,
1.83,1.4,3.0,3.44,4.0,12,2,13.4258,4.301,,
1.83,1.4,3.0,3.44,2.0,186,6,11.8206,4.9534,,
1.83,1.4,3.0,3.44,4.0,12,2,13.647,4.8607,,
1.83,1.4,3.0,3.44,1.0,9,2,12.2662,3.6216,,
1.83,1.4,3.0,3.98,1.0,4,2,12.3777,4.1629,,
1.83,1.4,3.0,3.98,2.0,9,2,14.4913,3.4497,-3.590762,0.061667
1.83,1.4,3.0,3.44,1.0,2,1,13.0714,2.9915,,
1.8443,1.3857,3.0,3.44,5.0,5,2,11.5196,4.4693,,
1.8529,1.3857,2.7143,3.44,5.0,5,2,11.617,4.4282,,
1.83,1.4,3.0,3.98,1.0,22,3,12.9144,3.7455,,
1.83,1.4,3.0,3.44,6.0,2,1,13.6311,2.8969,,
1.83,1.4,3.0,3.44,4.0,14,2,13.088,3.1413,,
1.8487,1.3813,3.0,3.44,10.0,8,2,10.5217,4.6821,,
1.8433,1.3917,2.8333,3.44,4.0,146,5,12.2829,3.4089,,
1.8433,1.3917,2.8333,3.44,6.0,12,2,13.1779,3.7097,,
1.83,1.4,3.0,3.44,5.0,1,1,12.9524,3.5536,,
1.83,1.4,3.0,3.44,1.0,212,7,11.4784,4.5316,,
1.83,1.4,3.0,3.98,3.0,1,1,14.1434,3.4822,,
1.83,1.4,3.0,3.44,1.0,11,2,12.6255,3.6334,,
1.83,1.4,3.0,3.44,4.0,146,5,12.6847,3.756,,
1.83,1.4,3.0,3.44,4.0,146,5,12.6288,3.5459,,
1.83,1.4,3.0,3.44,6.0,12,2,13.4936,4.054,,
1.83,1.4,3.0,3.98,1.0,1,1,12.7847,4.1693,,
1.83,1.4,3.0,3.98,4.0,2,1,13.2701,3.748,,
1.83,1.4,3.0,3.44,8.0,8,2,12.6789,3.2065,-4.060776,0.008454
1.83,1.4,3.0,3.44,5.0,5,2,11.7163,4.3482,,
1.83,1.4,3.0,3.98,5.0,1,1,14.5905,3.394,,
1.83,1.4,3.0,3.44,8.0,1,1,13.9203,3.0075,,
1.83,1.4,3.0,3.44,8.0,1,1,13.7991,2.9344,,
1.83,1.4,3.0,3.44,6.0,2,1,13.1163,3.2616,,
1.835,1.395,3.0,3.44,10.0,10,2,12.2488,3.9836,,
1.83,1.4,3.0,3.44,1.0,5,2,13.195,3.9979,,
1.83,1.4,3.0,3.44,3.0,4,2,15.3943,2.7482,,
1.83,1.4,3.0,3.44,3.0,11,2,15.0003,2.8071,-4.017984,0.042863
1.83,1.4,3.0,3.44,3.0,1,1,12.2227,3.1153,-3.088902,0.010647
1.83,1.4,3.0,3.44,5.0,7,2,15.6054,2.3171,,
1.83,1.4,3.0,3.44,2.0,14,2,15.6587,2.3304,,
1.83,1.4,3.0,3.44,2.0,11,2,14.5698,2.4152,,
1.8675,1.3625,3.0,3.44,4.0,6,2,11.7009,3.622,,
1.8675,1.3625,3.0,3.44,2.0,1,1,11.0827,4.503,,
1.8717,1.3583,3.0,3.44,4.0,12,2,11.7212,4.2698,,
1.875,1.355,3.0,3.44,10.0,2,1,11.284,4.4453,,
1.83,1.4,3.0,3.44,2.0,11,2,12.5326,3.4155,,
1.83,1.4,3.0,3.44,4.0,6,2,12.6613,3.4229,,
1.83,1.4,3.0,3.44,4.0,166,5,12.0903,4.2861,,
1.83,1.4,3.0,3.44,3.0,74,3,12.6658,4.0072,,
1.83,1.4,3.0,3.98,2.0,15,2,16.1198,2.7162,,
1.83,1.4,3.0,3.44,1.0,14,2,11.741,1.7365,,
1.83,1.4,3.0,3.44,2.0,14,2,11.0869,2.084,,
1.995,1.425,4.5,3.44,1.0,129,4,18.4966,3.2221,-3.429464,0.005863
1.87,1.375,2.5,3.44,2.0,11,2,11.6825,3.6066,,
1.89,1.3625,2.25,3.44,4.0,6,2,11.6482,3.6341,,
1.89,1.3625,2.25,3.44,4.0,12,2,11.6832,4.263,,
1.902,1.355,2.1,3.44,10.0,2,1,11.3988,4.3901,,
1.87,1.375,2.5,3.44,3.0,74,3,11.8313,4.1763,,
1.83,1.4,3.0,3.44,1.0,74,3,12.295,3.9547,,
1.83,1.4,3.0,3.44,2.0,8,2,13.2026,3.2652,,
1.83,1.4,3.0,3.44,5.0,7,2,19.9413,1.9959,,
1.83,1.4,3.0,3.98,8.0,1,1,20.4561,1.7956,,
1.83,1.4,3.0,3.98,3.0,12,2,15.1558,2.8233,,
1.83,1.4,3.0,3.98,4.0,8,2,15.6634,2.6122,,
1.83,1.4,3.0,3.98,5.0,144,5,15.8136,2.5027,-2.826266,0.002572
1.83,1.4,3.0,3.44,2.0,4,2,12.1373,2.8137,,
1.83,1.4,3.0,3.44,1.0,14,2,13.985,2.7284,,
1.83,1.4,3.0,3.44,4.0,1,1,14.6828,2.4672,-4.625163,0.012176
1.83,1.4,3.0,3.44,2.0,1,1,14.0059,2.4996,,
1.83,1.4,3.0,3.44,2.0,2,1,11.2574,3.0944,,
1.83,1.4,3.0,3.44,1.0,159,5,12.7001,3.2865,-3.847419,0.022464
1.83,1.4,3.0,3.98,2.0,2,1,13.314,3.0256,,
1.83,1.4,3.0,3.44,3.0,7,2,15.523,2.5492,,
1.83,1.4,3.0,3.44,1.0,181,6,16.9548,2.4147,-4.710699,0.002258
1.83,1.4,3.0,3.44,3.0,1,1,16.2769,2.3891,,
1.83,1.4,3.0,3.44,2.0,11,2,12.8241,3.9331,,
1.83,1.4,3.0,3.44,1.0,129,4,18.4185,4.3679,,
2.16,1.45,6.0,3.44,3.0,230,7,13.9754,4.2061,-3.371985,0.002389
1.55,1.4,7.0,3.44,1.0,121,4,18.1333,2.6758,-3.477185,0.004021
1.88,1.35,3.0,3.44,3.0,14,2,18.6141,2.5632,,
1.91,1.35,2.0,3.44,3.0,1,1,18.2424,2.6123,-3.421978,0.026262
1.55,1.4,7.0,3.44,1.0,4,2,15.2648,2.4626,,
1.58,1.4,4.6667,3.44,1.0,4,2,12.6098,5.3571,-3.590478,0.008518
1.55,1.4,7.0,3.44,1.0,4,2,13.6784,6.4413,,
1.88,1.35,3.0,3.44,1.0,141,4,13.9304,6.8088,,
1.83,1.4,3.0,3.44,1.0,65,3,14.2546,6.6262,-3.367874,0.024438
1.55,1.4,7.0,3.44,1.0,141,4,14.2404,6.6247,-3.525158,0.02463
1.91,1.35,2.0,3.44,1.0,65,3,13.9252,6.8091,,
1.83,1.4,3.0,3.44,3.0,8,2,14.8472,5.9948,,
1.91,1.35,2.0,3.44,13.0,1,1,11.347,4.295,,
1.91,1.35,2.0,3.44,3.0,166,5,10.7164,4.6137,,
1.55,1.4,7.0,3.44,1.0,160,5,11.2514,3.876,,
1.88,1.35,3.0,3.44,14.0,1,1,11.6245,4.212,,
1.88,1.35,3.0,3.44,4.0,166,5,11.5529,3.9419,,
1.66,1.4,6.0,3.44,2.0,146,5,13.1851,2.8028,,
1.66,1.4,6.0,3.44,1.0,1,1,13.6467,3.0437,,
1.66,1.4,6.0,3.44,2.0,1,1,13.879,3.1577,,
1.66,1.4,6.0,3.44,1.0,1,1,13.0572,2.882,,
1.91,1.35,2.0,3.44,4.0,166,5,11.3091,4.0181,,
1.55,1.4,7.0,3.44,3.0,14,2,12.1368,2.6232,,
1.55,1.4,7.0,3.44,1.0,148,5,11.4841,2.8109,,
1.55,1.4,7.0,3.44,5.0,7,2,14.2222,2.0259,,
1.814,1.36,3.8,3.44,3.0,2,1,10.3497,5.1671,,
1.77,1.3667,4.3333,3.44,3.0,12,2,11.2608,4.4042,,
1.79,1.3667,3.6667,3.44,3.0,5,2,11.8005,4.1953,,
1.55,1.4,7.0,3.98,8.0,1,1,19.285,1.9304,-4.53358,0.061226
1.55,1.4,7.0,3.44,1.0,2,1,13.5598,2.7493,,
1.55,1.4,7.0,3.44,1.0,15,2,14.2665,2.539,-5.438288,0.010081
1.55,1.4,7.0,3.44,2.0,11,2,14.5777,2.4398,,
1.55,1.4,7.0,3.44,3.0,14,2,12.1346,3.0464,,
1.55,1.4,7.0,3.44,1.0,146,5,13.4136,2.7805,,
1.55,1.4,7.0,3.44,3.0,1,1,12.3702,5.7957,,
1.55,1.4,7.0,3.44,1.0,130,4,14.4467,2.5078,-5.040083,0.086047
1.5733,1.4,6.6667,3.44,12.0,6,2,12.184,3.4069,,
1.5706,1.4,6.8125,3.44,8.0,12,2,11.7989,4.0525,,
1.6025,1.4,6.25,3.44,8.0,12,2,11.9166,4.046,,
1.5569,1.4,6.9375,3.44,8.0,12,2,11.5821,4.146,,
1.5725,1.3969,6.6875,3.44,8.0,166,5,11.637,4.1463,-4.020916,0.051457
1.55,1.4,7.0,3.44,13.0,12,2,12.3102,3.7247,,
1.55,1.4,7.0,3.44,3.0,15,2,12.0973,3.1877,,
1.55,1.4,7.0,3.44,2.0,15,2,12.8674,3.0218,-4.586267,0.091108
1.55,1.4,7.0,3.44,6.0,70,3,13.2142,2.4366,,
1.66,1.3833,5.6667,3.44,2.0,167,5,12.3322,3.3941,,
1.748,1.37,4.6,3.44,4.0,8,2,12.0307,5.3224,,
1.66,1.3833,5.6667,3.44,5.0,12,2,12.6705,3.5362,,
1.616,1.4,6.4,3.44,2.0,60,3,15.126,2.9567,,
1.616,1.4,6.4,3.44,4.0,8,2,12.0382,5.0988,,
1.7483,1.375,4.3333,3.44,4.0,146,5,12.4932,3.3516,,
1.5867,1.4,6.6667,3.44,3.0,12,2,11.6258,4.0924,,
1.55,1.4,7.0,3.44,5.0,2,1,12.2315,4.1679,-3.981818,0.005178
1.55,1.4,7.0,3.98,1.0,15,2,14.0712,3.1845,,
1.6433,1.4,5.6667,3.44,5.0,7,2,12.2141,2.869,,
1.6433,1.4,5.6667,3.44,2.0,167,5,12.3605,3.3633,,
1.7788,1.3813,4.0,3.44,10.0,8,2,10.6113,4.6307,,
1.79,1.3813,3.625,3.44,10.0,8,2,11.4071,4.3033,,
1.718,1.4,4.6,3.44,4.0,146,5,12.8678,3.4625,,
1.6433,1.4,5.6667,3.44,3.0,2,1,11.9921,4.0267,,
1.766,1.37,4.0,3.44,4.0,146,5,12.8742,3.399,,
1.67,1.3833,5.3333,3.44,2.0,167,5,12.0453,3.4731,,
1.766,1.37,4.0,3.44,5.0,2,1,11.6948,4.2213,,
1.8071,1.3643,3.4286,3.44,5.0,5,2,11.016,4.7232,,
1.67,1.3833,5.3333,3.44,3.0,2,1,11.793,4.1392,,
1.55,1.4,7.0,3.98,1.0,62,3,12.6697,3.8636,-4.049938,0.034444
1.55,1.4,7.0,3.98,1.0,62,3,13.7117,3.6911,,
1.55,1.4,7.0,3.98,2.0,60,3,14.4773,2.8394,,
1.55,1.4,7.0,3.44,1.0,62,3,12.6775,3.1821,,
1.55,1.4,7.0,3.44,1.0,11,2,12.3566,3.2502,,
1.55,1.4,7.0,3.44,1.0,15,2,12.6818,3.0999,,
1.55,1.4,7.0,3.44,4.0,1,1,11.5077,2.8443,,
1.55,1.4,7.0,3.44,2.0,63,3,12.6978,3.3055,,
1.55,1.4,7.0,3.44,4.0,9,2,14.3101,2.7395,,
1.598,1.37,5.8,3.44,4.0,14,2,14.2068,3.1262,,
1.7433,1.3667,4.1667,3.44,4.0,146,5,12.5003,3.3458,,
1.55,1.4,7.0,3.44,5.0,7,2,12.2726,2.8489,,
1.662,1.4,5.4,3.44,5.0,2,1,12.562,3.8466,,
1.55,1.4,7.0,3.44,2.0,2,1,12.5642,3.2267,,
1.55,1.4,7.0,3.44,3.0,15,2,14.2103,2.7674,,
1.55,1.4,7.0,3.44,2.0,2,1,15.6748,3.7504,,
1.55,1.4,7.0,3.44,5.0,2,1,13.964,4.4572,,
1.6325,1.3875,6.0,3.44,4.0,6,2,12.0688,3.4606,,
1.6325,1.3875,6.0,3.44,6.0,146,5,12.9302,2.9975,,
1.7675,1.3687,4.125,3.44,10.0,8,2,11.2367,4.401,,
1.682,1.38,5.4,3.44,4.0,8,2,12.4656,5.1145,,
1.715,1.375,5.0,3.44,4.0,1,1,11.4553,5.0803,,
1.715,1.375,5.0,3.44,4.0,8,2,11.164,5.1751,,
1.715,1.375,5.0,3.44,4.0,1,1,11.8827,4.9656,,
1.7562,1.3687,4.5,3.44,4.0,8,2,10.0155,4.9426,,
1.6325,1.3875,6.0,3.44,4.0,146,5,11.984,3.5436,,
1.6325,1.3875,6.0,3.44,2.0,166,5,11.3531,4.2872,,
1.5775,1.4,6.75,3.44,5.0,6,2,11.9274,3.4613,,
1.5775,1.4,6.75,3.44,6.0,146,5,12.9503,2.9666,,
1.7012,1.3813,5.25,3.44,4.0,8,2,10.2928,4.7162,,
1.594,1.4,6.6,3.44,5.0,1,1,12.4255,3.8203,,
1.605,1.4,6.5,3.44,4.0,8,2,11.6005,4.8926,,
1.605,1.4,6.5,3.44,4.0,1,1,11.8156,5.5306,,
1.6187,1.4,6.375,3.44,10.0,8,2,10.8538,4.3398,,
1.6783,1.3833,5.5,3.44,4.0,146,5,12.2006,3.4196,,
1.5775,1.4,6.75,3.44,2.0,212,7,11.7036,4.0768,,
1.55,1.4,7.0,3.44,5.0,6,2,12.0707,3.4865,,
1.55,1.4,7.0,3.44,4.0,8,2,11.634,5.154,-3.987913,0.090866
1.694,1.38,5.0,3.44,4.0,146,5,11.9452,3.5355,,
1.55,1.4,7.0,3.44,2.0,166,5,11.7536,4.1955,,
1.55,1.4,7.0,3.98,2.0,9,2,15.2739,3.1311,,
1.62,1.4,6.0,3.44,4.0,6,2,12.1471,3.4207,,
1.62,1.4,6.0,3.44,7.0,146,5,13.5057,2.8586,,
1.7437,1.3813,4.5,3.44,4.0,8,2,10.665,4.6015,,
1.662,1.4,5.4,3.44,4.0,8,2,12.1503,5.1123,,
1.662,1.4,5.4,3.44,4.0,146,5,12.6897,3.5078,,
1.69,1.4,5.0,3.44,4.0,8,2,11.8082,4.8742,,
1.69,1.4,5.0,3.44,4.0,1,1,12.0552,4.8414,,
1.62,1.4,6.0,3.44,2.0,5,2,11.9424,4.0399,,
1.55,1.4,7.0,3.44,6.0,146,5,13.4268,3.0102,,
1.715,1.375,5.0,3.44,4.0,8,2,11.1756,4.8502,-3.790248,0.105329
1.605,1.4,6.5,3.44,4.0,1,1,11.7875,4.4763,,
1.69,1.4,5.0,3.44,4.0,8,2,11.8651,4.5143,,
1.55,1.4,7.0,3.44,2.0,9,2,11.9022,4.4844,,
1.64,1.3875,5.75,3.44,4.0,6,2,11.7158,3.5634,,
1.73,1.375,4.5,3.44,4.0,8,2,11.3751,5.1828,,
1.64,1.3875,5.75,3.44,2.0,212,7,11.2447,4.3256,,
1.55,1.4,7.0,3.44,5.0,166,5,12.9736,3.4071,,
1.55,1.4,7.0,3.98,2.0,2,1,14.3673,3.4073,,
1.55,1.4,7.0,3.98,4.0,7,2,14.0196,3.2849,,
1.55,1.4,7.0,3.44,1.0,11,2,12.5675,3.2388,,
1.55,1.4,7.0,3.44,6.0,146,5,13.3087,3.3706,,
1.55,1.4,7.0,3.44,9.0,15,2,14.5608,2.4992,,
1.55,1.4,7.0,3.44,4.0,6,2,13.0081,3.5448,,
1.55,1.4,7.0,3.44,6.0,146,5,13.2288,3.1617,,
1.55,1.4,7.0,3.44,2.0,186,6,11.7238,4.8933,,
1.55,1.4,7.0,3.44,2.0,15,2,12.412,3.4204,,
1.55,1.4,7.0,3.44,4.0,6,2,12.71,3.6114,,
1.55,1.4,7.0,3.44,6.0,146,5,13.2042,3.1564,,
1.55,1.4,7.0,3.44,4.0,8,2,13.3693,5.3415,,
1.55,1.4,7.0,3.44,2.0,166,5,12.5835,4.5254,,
1.55,1.4,7.0,3.44,2.0,166,5,13.115,4.4358,,
1.57,1.3875,6.5,3.44,4.0,6,2,12.2229,3.3717,,
1.57,1.3875,6.5,3.44,6.0,146,5,13.0615,2.9374,,
1.6938,1.3687,5.0,3.44,4.0,8,2,10.3581,4.6724,,
1.582,1.38,6.2,3.44,5.0,2,1,12.8512,3.6756,,
1.59,1.375,6.0,3.44,4.0,1,1,13.5312,4.2381,,
1.57,1.3875,6.5,3.44,2.0,186,6,10.8398,4.3882,,
1.55,1.4,7.0,3.44,1.0,62,3,12.6536,3.4857,,
1.616,1.39,6.2,3.44,3.0,12,2,11.6634,4.4538,,
1.572,1.4,6.8,3.44,3.0,12,2,12.0861,4.2247,,
1.606,1.4,6.2,3.44,3.0,12,2,11.8624,4.3458,,
1.622,1.39,6.0,3.44,3.0,12,2,11.4744,4.5245,,
1.55,1.4,7.0,3.98,2.0,9,2,14.9044,3.323,,
1.55,1.4,7.0,3.44,1.0,2,1,12.9256,3.0119,,
1.55,1.4,7.0,3.44,2.0,2,1,12.1327,3.52,,
1.55,1.4,7.0,3.44,3.0,5,2,11.7581,4.4135,,
1.63,1.4,5.8571,3.44,4.0,4,2,11.8422,4.2685,,
1.6529,1.3857,5.5714,3.44,5.0,4,2,11.7662,4.3383,,
1.55,1.4,7.0,3.44,1.0,2,1,13.7972,2.8487,,
1.55,1.4,7.0,3.44,4.0,14,2,13.4957,3.0295,,
1.55,1.4,7.0,3.44,5.0,2,1,15.4244,3.7545,,
1.605,1.3917,6.3333,3.44,4.0,146,5,12.2282,3.4079,,
1.6738,1.3813,5.5,3.44,4.0,8,2,10.2308,4.7846,,
1.605,1.3917,6.3333,3.44,4.0,12,2,11.7456,4.1283,,
1.5683,1.4,6.8333,3.44,4.0,146,5,12.4376,3.3248,,
1.5913,1.4,6.625,3.44,7.0,1,1,11.7309,4.05,,
1.55,1.4,7.0,3.44,4.0,146,5,12.3708,3.3858,,
1.5967,1.4,6.3333,3.44,4.0,146,5,12.4594,3.3333,,
1.655,1.4,5.5,3.44,10.0,8,2,11.0139,4.3862,-3.031811,0.194442
1.5967,1.4,6.3333,3.44,3.0,15,2,11.8788,4.058,,
1.61,1.3917,6.1667,3.44,4.0,146,5,12.3821,3.3647,,
1.685,1.3813,5.125,3.44,6.0,8,2,11.3187,4.3203,,
1.61,1.3917,6.1667,3.44,4.0,12,2,11.8115,4.1034,,
1.55,1.4,7.0,3.44,4.0,15,2,12.3718,3.6846,,
1.55,1.4,7.0,3.98,1.0,8,2,14.3545,3.7167,,
1.55,1.4,7.0,3.98,1.0,160,5,12.103,4.2816,-3.704208,0.025956
1.55,1.4,7.0,3.44,3.0,166,5,12.2833,4.1875,-2.824517,0.001442
1.55,1.4,7.0,3.98,3.0,1,1,15.0378,3.2456,,
1.55,1.4,7.0,3.44,4.0,146,5,13.2177,3.5887,,
1.55,1.4,7.0,3.44,4.0,146,5,12.9003,3.455,,
1.55,1.4,7.0,3.44,4.0,8,2,12.2267,5.0701,,
1.55,1.4,7.0,3.44,6.0,12,2,14.4833,3.7481,,
1.55,1.4,7.0,3.44,4.0,146,5,12.8502,3.4575,,
1.55,1.4,7.0,3.44,4.0,12,2,13.5454,3.9869,,
1.55,1.4,7.0,3.44,4.0,1,1,12.8945,4.9015,,
1.5633,1.3917,6.6667,3.44,4.0,146,5,12.6012,3.2778,,
1.55,1.4,7.0,3.98,1.0,5,2,11.8696,4.2173,,
1.55,1.4,7.0,3.44,1.0,11,2,12.3587,3.3788,,
1.55,1.4,7.0,3.44,1.0,142,4,11.3446,4.2571,,
1.55,1.4,7.0,3.98,1.0,1,1,13.7066,3.8484,,
1.55,1.4,7.0,3.44,2.0,20,3,12.0383,3.4656,,
1.55,1.4,7.0,3.44,4.0,2,1,11.8289,3.621,,
1.5913,1.3937,6.5,3.44,8.0,1,1,12.3244,3.1369,,
1.5637,1.4,6.875,3.44,8.0,1,1,12.4846,3.0831,-4.898539,0.062513
1.6195,1.4,6.3684,3.44,9.0,1,1,13.3503,3.298,,
1.55,1.4,7.0,3.44,8.0,1,1,12.6951,3.0542,,
1.55,1.4,7.0,3.98,2.0,148,5,14.3892,3.4547,,
1.55,1.4,7.0,3.98,2.0,2,1,15.6502,3.0835,-3.907816,0.015932
1.585,1.4,6.5,3.44,8.0,1,1,12.5904,3.0646,,
1.634,1.4,5.8,3.44,5.0,12,2,11.9903,4.0259,,
1.55,1.4,7.0,3.44,8.0,1,1,12.617,3.1299,,
1.595,1.3937,6.375,3.44,8.0,1,1,12.572,3.0746,,
1.55,1.4,7.0,3.44,1.0,204,7,10.5448,4.7786,-3.342296,0.018822
1.55,1.4,7.0,3.44,7.0,166,5,12.115,3.8173,,
1.55,1.4,7.0,3.44,8.0,1,1,12.5151,3.2117,,
1.55,1.4,7.0,3.44,8.0,1,1,12.7262,3.1526,,
1.56,1.3937,6.75,3.44,12.0,1,1,12.4141,3.0985,,
1.55,1.4,7.0,3.44,14.0,2,1,13.9247,2.7766,-4.188218,0.021789
1.55,1.4,7.0,3.44,6.0,2,1,13.2055,3.2186,,
1.55,1.4,7.0,3.44,3.0,4,2,14.8529,2.8382,,
1.55,1.4,7.0,3.44,3.0,11,2,14.4565,2.9022,,
1.55,1.4,7.0,3.44,1.0,174,6,12.5264,3.0157,,
1.55,1.4,7.0,3.44,3.0,11,2,13.6856,2.5325,,
1.55,1.4,7.0,3.44,2.0,26,3,11.6608,2.9894,,
1.55,1.4,7.0,3.44,2.0,11,2,13.9056,2.5198,-4.264617,0.080579
1.715,1.375,5.0,3.44,5.0,11,2,11.8182,3.5573,,
1.7975,1.3625,4.0,3.44,4.0,6,2,11.6982,3.6175,,
1.7975,1.3625,4.0,3.44,2.0,212,7,10.8442,4.5904,,
1.825,1.3583,3.6667,3.44,4.0,12,2,11.0678,4.5143,,
1.605,1.4,6.5,3.44,2.0,11,2,11.6993,3.5114,,
1.6233,1.4,6.3333,3.44,3.0,8,2,12.2267,3.8469,,
1.6325,1.4,6.25,3.44,4.0,6,2,11.5766,3.5311,,
1.6325,1.4,6.25,3.44,6.0,146,5,13.3664,2.8528,,
1.6325,1.4,6.25,3.44,4.0,12,2,12.3778,3.789,,
1.605,1.4,6.5,3.44,2.0,12,2,11.9375,3.9629,,
1.55,1.4,7.0,3.44,2.0,11,2,13.1048,3.2568,,
1.55,1.4,7.0,3.44,4.0,6,2,11.7803,3.6735,,
1.55,1.4,7.0,3.44,4.0,166,5,12.1089,4.2691,,
1.55,1.4,7.0,3.98,1.0,136,4,13.7114,3.389,,
1.55,1.4,7.0,3.98,5.0,3,2,16.6847,2.2882,-4.519855,0.019159
1.69,1.4,5.0,3.44,2.0,31,3,12.1735,3.4184,,
1.7367,1.4,4.3333,3.44,2.0,167,5,12.5623,3.3159,,
1.76,1.4,4.0,3.44,4.0,6,2,12.0747,3.4516,,
1.76,1.4,4.0,3.44,4.0,12,2,12.3147,3.9381,,
1.795,1.4,3.5,3.44,8.0,6,2,12.0592,3.4586,,
1.7533,1.3833,4.3333,3.44,3.0,6,2,11.9712,3.5035,,
1.69,1.4,5.0,3.44,2.0,2,1,12.6112,3.8356,,
1.55,1.4,7.0,3.44,2.0,14,2,11.1084,2.4893,,
1.55,1.4,7.0,3.44,4.0,56,3,13.5616,2.015,,
1.55,1.4,7.0,3.44,1.0,15,2,10.7591,2.1414,,
1.55,1.4,7.0,3.44,3.0,1,1,13.2038,4.5759,,
1.73,1.375,4.5,3.44,2.0,11,2,11.2996,3.7177,,
1.82,1.3625,3.25,3.44,4.0,6,2,11.5019,3.6749,,
1.82,1.3625,3.25,3.44,7.0,1,1,13.3804,2.9232,,
1.82,1.3625,3.25,3.44,4.0,12,2,11.5329,4.3077,,
1.73,1.375,4.5,3.44,2.0,74,3,11.6526,4.2188,,
1.55,1.4,7.0,3.44,1.0,160,5,12.1487,3.961,,
1.55,1.4,7.0,3.44,2.0,12,2,12.9118,3.3096,,
1.55,1.4,7.0,3.98,3.0,2,1,15.3544,2.7671,,
1.55,1.4,7.0,3.44,1.0,14,2,11.7095,2.9637,,
1.55,1.4,7.0,3.44,3.0,4,2,12.213,2.786,,
1.55,1.4,7.0,3.44,2.0,2,1,13.5139,2.8124,,
1.55,1.4,7.0,3.44,4.0,1,1,14.4925,2.491,,
1.55,1.4,7.0,3.44,2.0,14,2,13.3108,2.6188,,
1.55,1.4,7.0,3.44,1.0,15,2,10.3577,2.9913,,
1.55,1.4,7.0,3.44,2.0,2,1,10.4139,3.327,,
1.55,1.4,7.0,3.44,1.0,29,3,15.5322,2.6711,-4.60827,0.011741
1.55,1.4,7.0,3.98,2.0,14,2,12.5005,3.2053,,
1.55,1.4,7.0,3.44,1.0,4,2,12.1387,3.2423,-5.078652,0.001174
1.55,1.4,7.0,3.44,4.0,1,1,14.9499,2.4781,,
1.55,1.4,7.0,3.44,3.0,11,2,13.4564,2.5548,,
1.55,1.4,7.0,3.44,2.0,4,2,14.5195,2.8024,,
1.55,1.4,7.0,3.44,2.0,11,2,13.1572,3.824,,
1.59,1.375,6.0,3.44,3.0,1,1,13.3076,2.8311,,
1.59,1.375,6.0,3.44,2.0,11,2,12.2889,3.3311,,
1.59,1.375,6.0,3.44,4.0,2,1,13.4197,2.8445,,
1.61,1.3625,5.5,3.44,4.0,6,2,12.255,3.3177,,
1.61,1.3625,5.5,3.44,6.0,146,5,13.2569,2.8647,,
1.61,1.3625,5.5,3.44,4.0,166,5,12.5996,3.6875,,
1.614,1.36,5.4,3.44,2.0,5,2,14.7787,3.21,,
1.65,1.3667,5.0,3.44,2.0,5,2,14.669,3.1856,,
1.6633,1.3583,4.8333,3.44,2.0,5,2,14.1083,3.3308,,
1.614,1.36,5.4,3.44,3.0,1,1,11.4613,3.8411,,
1.59,1.375,6.0,3.44,1.0,74,3,12.2444,3.8397,,
1.59,1.375,6.0,3.44,2.0,2,1,10.7506,3.1842,,
1.59,1.375,6.0,3.98,3.0,2,1,12.6431,3.1317,,
2.16,1.45,6.0,3.44,1.0,15,2,13.2342,3.0396,,
2.16,1.45,6.0,3.44,1.0,14,2,14.5382,2.9685,,
2.16,1.45,6.0,3.44,3.0,12,2,13.1463,3.5426,-3.532483,0.003743
2.16,1.45,6.0,3.44,1.0,11,2,13.9768,3.4044,,
2.16,1.45,6.0,3.44,1.0,62,3,14.5619,3.4896,,
2.16,1.45,6.0,3.44,1.0,2,1,14.547,3.1251,,
2.16,1.45,6.0,3.44,5.0,2,1,13.4399,3.1369,,
2.16,1.45,6.0,3.44,1.0,4,2,14.3448,3.6922,,
2.16,1.45,6.0,3.44,3.0,1,1,14.2852,3.3746,,
2.16,1.45,6.0,3.44,4.0,12,2,14.8389,4.2301,-2.992617,0.023754
2.16,1.45,6.0,3.44,1.0,11,2,14.4669,3.5566,-3.560031,0.00712
2.16,1.45,6.0,3.44,1.0,2,1,14.2937,3.3623,,
2.16,1.45,6.0,3.44,3.0,9,2,14.9136,3.113,,
2.16,1.45,6.0,3.44,1.0,2,1,14.1342,3.3049,,
2.16,1.45,6.0,3.44,1.0,141,4,15.2787,4.6349,,
2.16,1.45,6.0,3.44,1.0,2,1,13.6775,3.2766,,
2.16,1.45,6.0,3.44,4.0,1,1,15.4968,2.6957,-3.363105,0.017328
2.16,1.45,6.0,3.44,1.0,33,3,16.4126,2.9906,,
1.88,1.35,3.0,3.44,3.0,1,1,15.6481,2.5606,,
1.83,1.4,3.0,3.44,1.0,64,3,13.3548,2.6439,,
1.55,1.4,7.0,3.44,1.0,11,2,13.7446,2.6042,,
1.55,1.4,7.0,3.44,1.0,1,1,12.9678,2.7307,,
1.6125,1.4,3.75,3.44,5.0,146,5,13.0164,2.889,,
1.63,1.35,5.0,3.44,2.0,56,3,13.5131,2.88,,
1.83,1.4,3.0,3.44,2.0,1,1,11.5219,3.3299,,
1.83,1.4,3.0,3.44,1.0,7,2,12.4877,2.8541,,
1.83,1.4,3.0,3.44,1.0,5,2,11.3371,3.3838,-4.730191,0.00309
1.55,1.4,7.0,3.44,1.0,62,3,14.0566,2.7786,,
1.55,1.4,7.0,3.44,1.0,1,1,12.7121,2.7943,,
1.91,1.35,2.0,3.44,1.0,6,2,12.2114,2.9497,,
1.83,1.4,3.0,3.44,1.0,1,1,11.2624,3.4061,,
1.88,1.35,3.0,3.44,2.0,4,2,13.4264,2.6636,,
1.83,1.4,3.0,3.44,1.0,5,2,11.5946,3.3092,,
1.83,1.4,3.0,3.44,2.0,4,2,14.2509,2.4768,,
1.55,1.4,7.0,3.44,1.0,2,1,11.9509,3.1815,-3.352831,0.08891
1.55,1.4,7.0,3.44,2.0,4,2,13.5036,2.6037,,
1.91,1.35,2.0,3.44,5.0,1,1,13.2291,4.5395,-3.536262,0.015944
1.63,1.35,5.0,3.44,9.0,1,1,14.7565,3.4088,,
1.88,1.35,3.0,3.44,6.0,146,5,14.1359,2.9006,,
1.88,1.35,3.0,3.44,2.0,9,2,10.8283,5.0823,,
1.66,1.4,6.0,3.44,6.0,146,5,13.8729,2.8823,,
1.83,1.4,3.0,3.44,4.0,2,1,13.2595,4.0538,,
1.83,1.4,3.0,3.44,8.0,1,1,14.0834,2.815,,
1.83,1.4,3.0,3.44,1.0,95,4,13.6668,4.3082,,
1.91,1.35,2.0,3.44,8.0,1,1,14.1864,2.8878,,
1.91,1.35,2.0,3.44,4.0,12,2,12.4132,4.4254,-3.835749,0.000186
1.63,1.35,5.0,3.44,6.0,146,5,13.7475,2.8974,-2.745027,0.037954
1.63,1.35,5.0,3.44,2.0,9,2,12.2147,4.2339,,
2.16,1.45,6.0,3.44,1.0,15,2,14.903,5.4869,-4.874744,0.032813
1.91,1.35,2.0,3.44,2.0,14,2,14.3559,2.2968,,
1.91,1.35,2.0,3.44,1.0,2,1,13.349,2.8286,,
1.91,1.35,2.0,3.44,3.0,4,2,12.9147,2.9063,-4.980682,0.011522
1.91,1.35,2.0,3.44,1.0,146,5,13.6407,2.7757,,
1.91,1.35,2.0,3.44,17.0,2,1,11.8136,3.9415,-3.548908,0.020507
1.91,1.35,2.0,3.44,11.0,12,2,10.9522,4.7001,,
1.91,1.35,2.0,3.44,1.0,13,2,13.3824,2.8892,,
1.91,1.35,2.0,3.44,3.0,12,2,12.1303,3.2395,,
1.91,1.35,2.0,3.44,2.0,15,2,12.7224,3.1139,,
1.91,1.35,2.0,3.44,6.0,70,3,13.1818,2.4838,-4.807226,0.060481
1.91,1.35,2.0,3.44,1.0,11,2,11.4384,3.5838,,
1.91,1.35,2.0,3.44,3.0,13,2,13.9167,2.7405,,
1.91,1.35,2.0,3.44,2.0,14,2,12.0843,3.4286,,
1.91,1.35,2.0,3.44,3.0,1,1,13.808,2.907,,
1.91,1.35,2.0,3.44,1.0,65,3,10.1686,5.6007,,
1.91,1.35,2.0,3.44,1.0,14,2,11.9846,3.6269,,
1.91,1.35,2.0,3.44,4.0,166,5,12.5921,4.6796,,
1.91,1.35,2.0,3.44,4.0,6,2,11.8301,3.9459,,
1.91,1.35,2.0,3.44,4.0,12,2,12.4242,4.8079,,
1.91,1.35,2.0,3.44,1.0,122,4,10.5543,4.3034,,
1.91,1.35,2.0,3.44,2.0,15,2,13.7375,3.1463,-4.440472,0.02116
1.91,1.35,2.0,3.44,1.0,2,1,13.3031,2.98,,
1.91,1.35,2.0,3.44,2.0,2,1,12.0168,3.7219,,
1.91,1.35,2.0,3.44,4.0,1,1,11.0708,4.6869,,
1.91,1.35,2.0,3.44,4.0,146,5,12.3903,3.6889,,
1.91,1.35,2.0,3.44,1.0,2,1,9.6422,6.1489,,
1.91,1.35,2.0,3.44,1.0,11,2,11.4292,3.742,,
1.91,1.35,2.0,3.44,14.0,1,1,13.4844,2.9187,,
1.91,1.35,2.0,3.44,1.0,2,1,9.5681,6.2864,,
1.91,1.35,2.0,3.44,1.0,6,2,11.5466,3.3797,-4.763462,0.001379
1.91,1.35,2.0,3.44,2.0,4,2,13.9502,2.5564,,
1.91,1.35,2.0,3.44,2.0,14,2,12.6564,1.6238,,
1.91,1.35,2.0,3.44,2.0,14,2,9.7656,2.0305,,
1.91,1.35,2.0,3.44,1.0,64,3,12.0025,4.1824,-4.099165,0.026949
1.91,1.35,2.0,3.44,1.0,5,2,12.4009,3.1151,,
1.91,1.35,2.0,3.44,3.0,4,2,13.9238,2.5482,,
1.91,1.35,2.0,3.44,1.0,159,5,12.1718,3.4939,,
1.91,1.35,2.0,3.98,2.0,2,1,12.467,3.2854,-5.057703,0.065408
1.91,1.35,2.0,3.44,2.0,11,2,12.267,4.1439,,
1.91,1.35,2.0,3.44,2.0,10,2,13.3913,4.989,,
1.91,1.35,2.0,3.44,1.0,15,2,19.6251,3.5442,,
1.63,1.35,5.0,3.44,1.0,14,2,15.2458,2.9621,,
1.83,1.4,3.0,3.44,10.0,1,1,12.7257,2.8738,-5.010499,0.005443
1.91,1.35,2.0,3.44,2.0,7,2,14.4066,2.8965,,
1.88,1.35,3.0,3.44,4.0,1,1,14.0329,6.6423,-3.768149,0.012053
1.55,1.4,7.0,3.44,1.0,63,3,14.3211,6.1299,,
1.63,1.35,5.0,3.44,1.0,14,2,13.2503,3.6974,,
1.54,1.4,4.0,3.44,1.0,15,2,13.3603,2.6595,-3.235354,0.011663
1.54,1.4,4.0,3.44,2.0,7,2,15.0113,2.3321,,
1.54,1.4,4.0,3.44,1.0,61,3,12.8845,2.8118,,
1.54,1.4,4.0,3.44,4.0,3,2,13.7397,4.7033,,
1.54,1.4,4.0,3.44,7.0,12,2,12.917,3.3443,,
1.6253,1.4,3.7059,3.44,7.0,146,5,12.2796,3.7687,,
1.54,1.4,4.0,3.44,8.0,166,5,12.7584,3.4061,,
1.744,1.37,3.4,3.44,5.0,1,1,11.8016,4.0573,,
1.7763,1.3813,3.25,3.44,10.0,8,2,11.8829,4.0529,,
1.7875,1.3813,2.875,3.44,10.0,8,2,11.7402,4.0979,,
1.714,1.4,3.4,3.44,4.0,2,1,12.8952,3.6336,,
1.6525,1.4,4.75,3.44,4.0,8,2,11.3064,4.1862,,
1.5471,1.4,6.1429,3.44,5.0,4,2,12.5663,3.9115,,
1.54,1.4,4.0,3.44,1.0,62,3,13.4041,2.8748,,
1.71,1.375,3.5,3.44,4.0,1,1,11.3711,4.9889,,
1.71,1.375,3.5,3.44,4.0,8,2,12.1635,4.7303,,
1.57,1.4,4.5,3.44,6.0,146,5,13.6481,2.7391,,
1.6,1.4,5.0,3.44,4.0,1,1,12.0417,4.5915,,
1.54,1.4,4.0,3.44,4.0,8,2,12.0194,4.8667,,
1.6125,1.4,3.75,3.44,6.0,146,5,14.0832,2.6678,,
1.685,1.4,3.5,3.44,4.0,8,2,12.2209,4.5895,,
1.67,1.3813,4.375,3.44,4.0,8,2,10.7494,4.4172,,
1.545,1.4,5.5,3.44,4.0,1,1,12.1237,4.6108,,
1.545,1.4,5.5,3.44,4.0,8,2,11.959,4.639,,
1.545,1.4,5.5,3.44,4.0,8,2,12.5596,4.5151,,
1.566,1.4,5.0,3.44,1.0,146,5,13.0424,2.9842,,
1.5425,1.4,4.75,3.44,2.0,186,6,11.338,3.9853,,
1.54,1.4,4.0,3.44,1.0,148,5,10.9254,4.9527,,
1.6,1.4,5.0,3.44,4.0,1,1,12.0707,4.2496,,
1.725,1.375,3.0,3.44,4.0,8,2,11.8074,4.8687,-3.881124,0.096218
1.5962,1.3687,4.625,3.44,4.0,8,2,11.4309,3.9603,,
1.5625,1.3875,4.25,3.44,2.0,186,6,11.511,3.8774,,
1.614,1.39,3.6,3.44,2.0,14,2,12.1212,3.2786,,
1.5438,1.4,5.125,3.44,4.0,8,2,11.2378,4.0644,,
1.6533,1.3833,3.6667,3.44,3.0,4,2,11.9901,3.9886,,
1.54,1.4,4.0,3.44,6.0,1,1,13.0358,3.2979,,
1.795,1.3625,3.25,3.44,3.0,186,6,10.2352,4.7679,,
1.8233,1.3583,3.1667,3.44,4.0,12,2,11.4987,4.2884,,
1.71,1.375,3.5,3.44,2.0,74,3,12.5058,3.7798,,
1.765,1.375,3.6667,3.44,4.0,146,5,12.1394,3.4113,,
1.63,1.4,5.5,3.44,7.0,146,5,13.7025,2.7576,,
1.63,1.4,5.5,3.44,4.0,12,2,12.5855,3.6487,,
1.6,1.4,5.0,3.44,2.0,119,4,11.4358,3.9656,,
1.6,1.4,5.0,3.44,1.0,1,1,15.1828,2.5843,,
1.54,1.4,4.0,3.44,4.0,6,2,12.5948,3.3971,,
1.8217,1.375,2.6667,3.44,4.0,146,5,12.2082,3.4211,,
1.7333,1.4,3.3333,3.44,2.0,1,1,12.0479,4.1271,,
1.7575,1.4,3.25,3.44,7.0,146,5,14.3576,2.6711,-4.012802,0.043553
1.7575,1.4,3.25,3.44,4.0,146,5,12.4219,3.3877,,
1.7575,1.4,3.25,3.44,3.0,186,6,12.1844,3.9,,
1.685,1.4,3.5,3.44,2.0,119,4,11.6954,3.9686,,
1.7283,1.375,4.0,3.44,4.0,146,5,12.5396,3.324,,
1.5467,1.4,6.0,3.44,2.0,64,3,12.1427,3.8555,,
1.5475,1.4,6.25,3.44,4.0,6,2,12.4382,3.2962,,
1.5475,1.4,6.25,3.44,8.0,146,5,13.4092,2.8501,,
1.585,1.4,6.1667,3.44,4.0,146,5,12.3436,3.3127,,
1.5475,1.4,6.25,3.44,2.0,166,5,11.782,4.0012,,
1.548,1.4,6.4,3.44,5.0,12,2,11.7683,4.0225,,
1.5483,1.4,6.5,3.44,4.0,12,2,12.066,3.9341,,
1.5488,1.4,6.625,3.44,8.0,1,1,12.5444,3.0603,,
1.549,1.4,6.7,3.44,5.0,12,2,11.6397,4.1005,,
1.545,1.4,5.5,3.44,2.0,119,4,11.3755,4.0582,,
1.8175,1.3625,2.5,3.44,4.0,2,1,11.8781,4.1001,,
1.8483,1.3583,2.3333,3.44,4.0,146,5,12.3338,3.4076,,
1.8638,1.3563,2.25,3.44,8.0,1,1,11.5284,4.2894,,
1.725,1.375,3.0,3.44,2.0,15,2,12.1337,3.8902,,
1.6075,1.3625,4.75,3.44,4.0,5,2,14.628,2.9246,,
1.6075,1.3625,4.75,3.44,4.0,2,1,12.9792,3.5043,,
1.585,1.375,4.5,3.44,2.0,67,3,14.5917,2.9069,,
1.63,1.35,5.0,3.44,1.0,2,1,13.3836,2.3568,-3.016375,0.014909
1.63,1.35,5.0,3.44,3.0,40,3,14.3999,2.0488,,
1.63,1.35,5.0,3.44,5.0,1,1,13.511,2.1036,,
1.63,1.35,5.0,3.44,1.0,14,2,12.7563,4.2266,,
1.63,1.35,5.0,3.98,7.0,1,1,14.1522,2.838,,
1.63,1.35,5.0,3.44,1.0,2,1,13.5595,2.7117,,
1.63,1.35,5.0,3.44,1.0,15,2,13.1642,2.7219,,
1.63,1.35,5.0,3.44,2.0,7,2,15.0201,2.3469,,
1.63,1.35,5.0,3.44,3.0,12,2,12.5581,2.8956,,
1.63,1.35,5.0,3.44,1.0,146,5,13.742,2.6701,,
1.63,1.35,5.0,3.44,3.0,1,1,14.9345,2.3567,,
1.63,1.35,5.0,3.44,3.0,64,3,13.9648,2.4833,,
1.63,1.35,5.0,3.44,1.0,61,3,11.7429,3.1913,,
1.63,1.35,5.0,3.44,4.0,3,2,13.4694,4.8214,-3.636997,0.073674
1.63,1.35,5.0,3.44,3.0,12,2,12.8501,3.3891,,
1.63,1.35,5.0,3.98,1.0,1,1,13.1577,3.2635,,
1.63,1.35,5.0,3.44,3.0,15,2,12.7951,2.9528,,
1.63,1.35,5.0,3.44,2.0,14,2,12.9888,2.9334,,
1.63,1.35,5.0,3.44,6.0,70,3,13.4133,2.3574,,
1.64,1.3667,5.3333,3.44,2.0,167,5,12.4604,3.2487,,
1.648,1.38,5.6,3.44,4.0,8,2,12.1563,5.0037,,
1.64,1.3667,5.3333,3.44,3.0,12,2,12.6993,3.6304,,
1.63,1.35,5.0,3.44,2.0,167,5,12.5661,3.3061,,
1.63,1.35,5.0,3.98,2.0,2,1,16.3755,2.6463,,
1.75,1.38,3.8,3.44,5.0,2,1,12.7138,3.739,,
1.6967,1.3667,4.3333,3.44,3.0,2,1,12.1425,3.8553,,
1.63,1.35,5.0,3.98,1.0,9,2,12.3676,3.6612,,
1.63,1.35,5.0,3.44,1.0,62,3,14.2978,3.0176,,
1.63,1.35,5.0,3.98,1.0,7,2,13.0258,3.3922,,
1.63,1.35,5.0,3.98,2.0,1,1,15.6045,2.7416,,
1.63,1.35,5.0,3.98,1.0,7,2,17.3428,2.402,,
1.63,1.35,5.0,3.44,1.0,62,3,13.0423,3.0148,,
1.63,1.35,5.0,3.44,1.0,11,2,12.1268,3.2389,,
1.63,1.35,5.0,3.44,1.0,5,2,12.9166,2.9793,,
1.63,1.35,5.0,3.44,4.0,1,1,11.3664,2.833,,
1.63,1.35,5.0,3.44,5.0,2,1,12.6199,2.8671,,
1.63,1.35,5.0,3.44,4.0,49,3,13.7942,3.1178,,
1.63,1.35,5.0,3.44,2.0,167,5,13.436,3.4708,,
1.73,1.35,4.2,3.44,3.0,14,2,13.5788,3.3283,,
1.71,1.37,4.2,3.44,4.0,14,2,15.0191,2.969,,
1.63,1.35,5.0,3.98,1.0,1,1,12.0732,3.8942,,
1.63,1.35,5.0,3.98,1.0,2,1,12.3956,3.6391,,
1.63,1.35,5.0,3.44,2.0,2,1,12.2661,3.2278,,
1.63,1.35,5.0,3.44,1.0,41,3,15.2443,2.474,-3.205889,0.01046
1.63,1.35,5.0,3.44,3.0,1,1,13.2149,2.9104,,
1.63,1.35,5.0,3.44,5.0,146,5,13.6436,3.9663,,
1.6925,1.35,4.5,3.44,4.0,6,2,12.0398,3.4,,
1.6925,1.35,4.5,3.44,2.0,4,2,12.0907,3.8885,,
1.6375,1.3625,5.25,3.44,6.0,146,5,13.3777,2.8281,,
1.642,1.37,5.4,3.44,5.0,2,1,12.6152,3.6577,,
1.645,1.375,5.5,3.44,4.0,1,1,11.9397,4.6841,,
1.645,1.375,5.5,3.44,4.0,1,1,12.0384,4.7128,,
1.645,1.375,5.5,3.44,4.0,1,1,12.039,5.359,,
1.6375,1.3625,5.25,3.44,2.0,12,2,12.2958,3.7456,,
1.63,1.35,5.0,3.44,4.0,6,2,12.0865,3.4133,,
1.63,1.35,5.0,3.44,6.0,146,5,13.2897,2.8893,,
1.63,1.35,5.0,3.44,2.0,198,7,11.7996,4.0385,,
1.68,1.3625,4.5,3.44,6.0,146,5,13.439,2.8292,,
1.71,1.37,4.2,3.44,3.0,2,1,13.6342,3.5188,,
1.73,1.375,4.0,3.44,4.0,1,1,13.6115,4.2269,,
1.68,1.3625,4.5,3.44,4.0,166,5,12.6413,3.6853,,
1.7,1.35,4.25,3.44,4.0,6,2,11.892,3.4408,,
1.7,1.35,4.25,3.44,7.0,146,5,13.4978,2.8272,,
1.7,1.35,4.25,3.44,2.0,8,2,11.7986,3.9819,,
1.63,1.35,5.0,3.98,1.0,1,1,11.748,3.9549,-2.989195,0.007263
1.63,1.35,5.0,3.98,1.0,9,2,11.748,3.724,,
1.63,1.35,5.0,3.44,19.0,11,2,13.0287,3.2537,-2.755532,0.016576
1.63,1.35,5.0,3.98,1.0,1,1,13.9242,3.0037,,
1.63,1.35,5.0,3.44,1.0,11,2,13.121,3.0223,,
1.63,1.35,5.0,3.44,6.0,146,5,13.7297,3.2246,,
1.63,1.35,5.0,3.44,1.0,166,5,11.4428,4.595,,
1.63,1.35,5.0,3.98,3.0,5,2,13.3258,3.2924,,
1.636,1.36,5.2,3.44,2.0,5,2,13.9069,3.3917,,
1.686,1.35,4.4,3.44,2.0,5,2,13.7662,3.4713,,
1.63,1.35,5.0,3.44,3.0,5,2,14.5504,3.0834,,
1.67,1.36,4.6,3.44,3.0,5,2,15.2007,2.902,,
1.63,1.35,5.0,3.98,1.0,1,1,13.0054,3.3257,,
1.63,1.35,5.0,3.98,3.0,1,1,13.0719,3.2612,,
1.63,1.35,5.0,3.98,1.0,5,2,13.6637,3.2566,,
1.63,1.35,5.0,3.44,1.0,2,1,13.0878,2.9166,,
1.63,1.35,5.0,3.44,7.0,114,4,13.5509,2.7082,,
1.6871,1.3643,4.4286,3.44,5.0,4,2,12.0226,4.0591,,
1.63,1.35,5.0,3.44,2.0,5,2,14.0906,3.3406,,
1.63,1.35,5.0,3.44,3.0,1,1,11.5868,3.7658,,
1.63,1.35,5.0,3.98,5.0,1,1,14.2139,2.9074,,
1.63,1.35,5.0,3.98,1.0,1,1,11.2883,4.1895,,
1.63,1.35,5.0,3.44,14.0,2,1,13.9521,2.7183,,
1.63,1.35,5.0,3.44,5.0,11,2,13.0311,3.3315,,
1.63,1.35,5.0,3.44,4.0,33,3,16.4691,2.8969,,
1.63,1.35,5.0,3.44,2.0,4,2,15.787,2.6282,,
1.63,1.35,5.0,3.44,1.0,62,3,13.7651,3.5477,,
1.63,1.35,5.0,3.44,1.0,82,4,14.5859,2.386,,
1.63,1.35,5.0,3.44,3.0,11,2,14.4948,2.3453,,
1.63,1.35,5.0,3.44,2.0,26,3,11.7515,2.8856,,
1.8175,1.35,3.5,3.44,4.0,6,2,11.8077,3.5605,,
1.755,1.35,4.0,3.44,1.0,74,3,10.8063,4.453,,
1.645,1.375,5.5,3.44,3.0,1,1,13.1717,2.8417,,
1.65,1.3833,5.6667,3.44,3.0,12,2,12.4792,3.71,,
1.6525,1.3875,5.75,3.44,6.0,146,5,13.5007,2.81,,
1.6525,1.3875,5.75,3.44,4.0,166,5,12.522,3.7012,,
1.645,1.375,5.5,3.44,1.0,74,3,11.7609,3.9283,,
1.645,1.375,5.5,3.44,3.0,2,1,11.0882,3.0597,,
1.645,1.375,5.5,3.98,3.0,2,1,12.4502,3.1522,,
1.63,1.35,5.0,3.44,2.0,11,2,11.7183,3.5949,,
1.63,1.35,5.0,3.44,1.0,12,2,12.4267,3.9751,,
1.63,1.35,5.0,3.98,1.0,136,4,13.3869,3.3472,,
1.63,1.35,5.0,3.98,1.0,14,2,14.0403,3.0025,,
1.63,1.35,5.0,3.98,1.0,14,2,14.2258,2.8391,,
1.63,1.35,5.0,3.98,3.0,7,2,19.5783,1.9984,-4.623387,0.018464
1.63,1.35,5.0,3.98,4.0,44,3,18.7905,2.0318,,
1.73,1.375,4.0,3.44,3.0,1,1,13.3703,2.8234,,
1.73,1.375,4.0,3.44,2.0,11,2,12.1694,3.3741,,
1.78,1.3875,3.5,3.44,4.0,6,2,11.9285,3.4707,,
1.78,1.3875,3.5,3.44,6.0,146,5,13.9655,2.7568,-4.215075,0.013671
1.78,1.3875,3.5,3.44,4.0,166,5,12.6981,3.7757,,
1.805,1.3937,3.25,3.44,8.0,1,1,13.7316,2.8125,,
1.73,1.375,4.0,3.44,1.0,74,3,11.9375,3.9594,,
1.73,1.375,4.0,3.98,3.0,2,1,12.5914,3.1531,,
1.63,1.35,5.0,3.44,4.0,1,1,15.805,3.398,,
1.63,1.35,5.0,3.44,2.0,11,2,14.4263,3.3476,,
1.63,1.35,5.0,3.98,2.0,1,1,13.3478,2.2662,,
1.77,1.35,3.5,3.44,2.0,11,2,11.5739,3.5818,,
1.84,1.35,2.75,3.44,4.0,6,2,11.5469,3.6366,,
1.84,1.35,2.75,3.44,8.0,1,1,13.7091,2.8388,-4.188688,0.013106
1.77,1.35,3.5,3.44,2.0,12,2,12.1969,3.9398,,
1.63,1.35,5.0,3.44,1.0,12,2,12.3363,3.7214,,
1.63,1.35,5.0,3.98,1.0,62,3,14.9924,2.8226,,
1.63,1.35,5.0,3.44,2.0,12,2,13.6852,3.0013,,
1.63,1.35,5.0,3.98,3.0,9,2,14.1186,2.7742,-3.081428,0.025852
1.63,1.35,5.0,3.98,4.0,1,1,14.9194,2.5402,,
1.63,1.35,5.0,3.98,1.0,14,2,13.3748,3.0774,,
1.63,1.35,5.0,3.98,2.0,36,3,15.7926,2.5048,,
1.63,1.35,5.0,3.98,3.0,7,2,14.614,2.6285,,
1.63,1.35,5.0,3.98,5.0,7,2,14.3958,2.4745,-3.823998,0.007652
1.63,1.35,5.0,3.44,3.0,1,1,11.4539,2.9224,,
1.63,1.35,5.0,3.44,1.0,2,1,12.5932,2.9653,,
1.63,1.35,5.0,3.44,3.0,11,2,13.8893,2.4619,,
1.63,1.35,5.0,3.98,2.0,15,2,12.2631,3.1901,,
1.63,1.35,5.0,3.44,1.0,14,2,12.5576,3.0586,,
1.63,1.35,5.0,3.98,2.0,60,3,17.4314,2.1592,,
1.63,1.35,5.0,3.44,3.0,1,1,13.7953,2.6374,,
1.63,1.35,5.0,3.44,3.0,2,1,12.9873,2.4044,,
1.63,1.35,5.0,3.44,3.0,4,2,14.694,2.2944,,
1.63,1.35,5.0,3.44,1.0,17,3,11.1185,3.5601,,
1.63,1.35,5.0,3.44,2.0,26,3,13.4653,2.8015,,
1.63,1.35,5.0,3.44,2.0,11,2,12.8237,3.8803,,
1.63,1.35,5.0,3.44,4.0,1,1,12.8505,5.962,,
1.66,1.4,6.0,3.44,2.0,146,5,13.1624,2.9602,,
1.83,1.4,3.0,3.44,2.0,11,2,12.2332,3.5202,,
1.83,1.4,3.0,3.44,8.0,1,1,15.0718,2.9716,-3.041145,0.005846
