material_id,formula,metal,x_fraction,mean_eneg,mean_radius,max_oxid,formation_energy_per_atom
mp-684733,Ti10O11,Ti,0.4762,1.54,1.4,4.0,-2.856115
mp-753593,Ti10O13,Ti,0.4348,1.54,1.4,4.0,-3.137637
mp-1101463,Ti11O14,Ti,0.44,1.54,1.4,4.0,-3.097261
mp-2739250,Ti11O14,Ti,0.44,1.54,1.4,4.0,
mp-759754,Ti11O14,Ti,0.44,1.54,1.4,4.0,
mp-760747,Ti11O18,Ti,0.3793,1.54,1.4,4.0,-3.34913
mp-656852,Ti13O22,Ti,0.3714,1.54,1.4,4.0,-3.379983
mp-760075,Ti19O30,Ti,0.3878,1.54,1.4,4.0,-3.330664
mp-1215,Ti2O,Ti,0.6667,1.54,1.4,4.0,
mp-1217152,Ti2O,Ti,0.6667,1.54,1.4,4.0,
mp-1244955,Ti2O,Ti,0.6667,1.54,1.4,4.0,
mp-1245066,Ti2O,Ti,0.6667,1.54,1.4,4.0,
mp-1245186,Ti2O,Ti,0.6667,1.54,1.4,4.0,
mp-1245206,Ti2O,Ti,0.6667,1.54,1.4,4.0,
mp-1245309,Ti2O,Ti,0.6667,1.54,1.4,4.0,
mp-1046793,Ti2O3,Ti,0.4,1.54,1.4,4.0,
mp-1101295,Ti2O3,Ti,0.4,1.54,1.4,4.0,
mp-1179268,Ti2O3,Ti,0.4,1.54,1.4,4.0,
mp-1188323,Ti2O3,Ti,0.4,1.54,1.4,4.0,
mp-458,Ti2O3,Ti,0.4,1.54,1.4,4.0,
mp-776456,Ti2O3,Ti,0.4,1.54,1.4,4.0,
mp-776655,Ti2O3,Ti,0.4,1.54,1.4,4.0,
mp-656850,Ti2O7,Ti,0.2222,1.54,1.4,4.0,
mp-1244956,Ti3O,Ti,0.75,1.54,1.4,4.0,
mp-1245140,Ti3O,Ti,0.75,1.54,1.4,4.0,
mp-1245176,Ti3O,Ti,0.75,1.54,1.4,4.0,
mp-2591,Ti3O,Ti,0.75,1.54,1.4,4.0,
mp-554032,Ti3O,Ti,0.75,1.54,1.4,4.0,
mp-557812,Ti3O,Ti,0.75,1.54,1.4,4.0,
mp-978968,Ti3O2,Ti,0.6,1.54,1.4,4.0,
mp-1217157,Ti3O4,Ti,0.4286,1.54,1.4,4.0,
mp-755875,Ti3O4,Ti,0.4286,1.54,1.4,4.0,
mp-1147,Ti3O5,Ti,0.375,1.54,1.4,4.0,
mp-1245031,Ti3O5,Ti,0.375,1.54,1.4,4.0,
mp-1245051,Ti3O5,Ti,0.375,1.54,1.4,4.0,
mp-1245086,Ti3O5,Ti,0.375,1.54,1.4,4.0,
mp-1245135,Ti3O5,Ti,0.375,1.54,1.4,4.0,
mp-1245292,Ti3O5,Ti,0.375,1.54,1.4,4.0,
mp-556480,Ti3O5,Ti,0.375,1.54,1.4,4.0,
mp-556754,Ti3O5,Ti,0.375,1.54,1.4,4.0,
mp-8057,Ti3O5,Ti,0.375,1.54,1.4,4.0,
mp-1105338,Ti3O7,Ti,0.3,1.54,1.4,4.0,
mp-1179358,Ti3O7,Ti,0.3,1.54,1.4,4.0,
mp-1205462,Ti3O7,Ti,0.3,1.54,1.4,4.0,
mp-1217105,Ti3O8,Ti,0.2727,1.54,1.4,4.0,
mp-1217135,Ti4O3,Ti,0.5714,1.54,1.4,4.0,
mp-10734,Ti4O5,Ti,0.4444,1.54,1.4,4.0,
mp-12205,Ti4O7,Ti,0.3636,1.54,1.4,4.0,
mp-778663,Ti4O7,Ti,0.3636,1.54,1.4,4.0,
mp-1045759,Ti5O7,Ti,0.4167,1.54,1.4,4.0,
mp-759920,Ti5O8,Ti,0.3846,1.54,1.4,4.0,
mp-748,Ti5O9,Ti,0.3571,1.54,1.4,4.0,-3.42532
mp-554098,Ti6O,Ti,0.8571,1.54,1.4,4.0,
mp-882,Ti6O,Ti,0.8571,1.54,1.4,4.0,
mp-30524,Ti6O11,Ti,0.3529,1.54,1.4,4.0,
mp-559964,Ti6O11,Ti,0.3529,1.54,1.4,4.0,
mp-556724,Ti7O13,Ti,0.35,1.54,1.4,4.0,
mp-779692,Ti7O8,Ti,0.4667,1.54,1.4,4.0,
mp-752989,Ti8O13,Ti,0.381,1.54,1.4,4.0,
mp-565700,Ti8O15,Ti,0.3478,1.54,1.4,4.0,
mp-1217149,Ti9O10,Ti,0.4737,1.54,1.4,4.0,
mp-32813,Ti9O10,Ti,0.4737,1.54,1.4,4.0,
mp-1045643,Ti9O13,Ti,0.4091,1.54,1.4,4.0,
mp-27273,Ti9O17,Ti,0.3462,1.54,1.4,4.0,
mp-32544,Ti9O8,Ti,0.5294,1.54,1.4,4.0,
mp-1071163,TiO,Ti,0.5,1.54,1.4,4.0,
mp-1203,TiO,Ti,0.5,1.54,1.4,4.0,
mp-1244926,TiO,Ti,0.5,1.54,1.4,4.0,
mp-1244944,TiO,Ti,0.5,1.54,1.4,4.0,
mp-1245141,TiO,Ti,0.5,1.54,1.4,4.0,
mp-1245294,TiO,Ti,0.5,1.54,1.4,4.0,
mp-1245324,TiO,Ti,0.5,1.54,1.4,4.0,
mp-2664,TiO,Ti,0.5,1.54,1.4,4.0,
mp-673667,TiO,Ti,0.5,1.54,1.4,4.0,
mp-685151,TiO,Ti,0.5,1.54,1.4,4.0,
mp-754333,TiO,Ti,0.5,1.54,1.4,4.0,
mp-755264,TiO,Ti,0.5,1.54,1.4,4.0,
mp-755300,TiO,Ti,0.5,1.54,1.4,4.0,
mp-1008677,TiO2,Ti,0.3333,1.54,1.4,4.0,-3.199731
mp-1041565,TiO2,Ti,0.3333,1.54,1.4,4.0,
mp-1044853,TiO2,Ti,0.3333,1.54,1.4,4.0,
mp-1079207,TiO2,Ti,0.3333,1.54,1.4,4.0,
mp-1101022,TiO2,Ti,0.3333,1.54,1.4,4.0,
mp-1102255,TiO2,Ti,0.3333,1.54,1.4,4.0,
mp-1102591,TiO2,Ti,0.3333,1.54,1.4,4.0,
mp-1190753,TiO2,Ti,0.3333,1.54,1.4,4.0,
mp-1201727,TiO2,Ti,0.3333,1.54,1.4,4.0,
mp-1245098,TiO2,Ti,0.3333,1.54,1.4,4.0,
mp-1245134,TiO2,Ti,0.3333,1.54,1.4,4.0,
mp-1245308,TiO2,Ti,0.3333,1.54,1.4,4.0,
mp-1245321,TiO2,Ti,0.3333,1.54,1.4,4.0,
mp-1341203,TiO2,Ti,0.3333,1.54,1.4,4.0,
mp-1350429,TiO2,Ti,0.3333,1.54,1.4,4.0,
mp-1380335,TiO2,Ti,0.3333,1.54,1.4,4.0,
mp-1386640,TiO2,Ti,0.3333,1.54,1.4,4.0,
mp-1400963,TiO2,Ti,0.3333,1.54,1.4,4.0,
mp-1408285,TiO2,Ti,0.3333,1.54,1.4,4.0,
mp-1426806,TiO2,Ti,0.3333,1.54,1.4,4.0,
mp-1439,TiO2,Ti,0.3333,1.54,1.4,4.0,
mp-1445035,TiO2,Ti,0.3333,1.54,1.4,4.0,
mp-1840,TiO2,Ti,0.3333,1.54,1.4,4.0,
mp-2420244,TiO2,Ti,0.3333,1.54,1.4,4.0,
mp-25262,TiO2,Ti,0.3333,1.54,1.4,4.0,
mp-25433,TiO2,Ti,0.3333,1.54,1.4,4.0,
mp-2657,TiO2,Ti,0.3333,1.54,1.4,4.0,
mp-2739239,TiO2,Ti,0.3333,1.54,1.4,4.0,
mp-2901430,TiO2,Ti,0.3333,1.54,1.4,4.0,
mp-34688,TiO2,Ti,0.3333,1.54,1.4,4.0,
mp-390,TiO2,Ti,0.3333,1.54,1.4,4.0,
mp-430,TiO2,Ti,0.3333,1.54,1.4,4.0,
mp-553432,TiO2,Ti,0.3333,1.54,1.4,4.0,
mp-554278,TiO2,Ti,0.3333,1.54,1.4,4.0,
mp-572822,TiO2,Ti,0.3333,1.54,1.4,4.0,
mp-636827,TiO2,Ti,0.3333,1.54,1.4,4.0,
mp-655656,TiO2,Ti,0.3333,1.54,1.4,4.0,
mp-754672,TiO2,Ti,0.3333,1.54,1.4,4.0,
mp-754769,TiO2,Ti,0.3333,1.54,1.4,4.0,
mp-756587,TiO2,Ti,0.3333,1.54,1.4,4.0,
mp-756655,TiO2,Ti,0.3333,1.54,1.4,4.0,
mp-766454,TiO2,Ti,0.3333,1.54,1.4,4.0,
mp-775938,TiO2,Ti,0.3333,1.54,1.4,4.0,
mp-777129,TiO2,Ti,0.3333,1.54,1.4,4.0,
mp-849533,TiO2,Ti,0.3333,1.54,1.4,4.0,
mp-9173,TiO2,Ti,0.3333,1.54,1.4,4.0,
mp-705541,V10O9,V,0.5263,1.63,1.35,5.0,
mp-773019,V12O29,V,0.2927,1.63,1.35,5.0,
mp-30065,V13O16,V,0.4483,1.63,1.35,5.0,
mp-30064,V16O3,V,0.8421,1.63,1.35,5.0,
mp-685164,V25O32,V,0.4386,1.63,1.35,5.0,
mp-1043388,V2O3,V,0.4,1.63,1.35,5.0,
mp-1178852,V2O3,V,0.4,1.63,1.35,5.0,
mp-1178873,V2O3,V,0.4,1.63,1.35,5.0,
mp-1272087,V2O3,V,0.4,1.63,1.35,5.0,
mp-18937,V2O3,V,0.4,1.63,1.35,5.0,
mp-21579,V2O3,V,0.4,1.63,1.35,5.0,
mp-552113,V2O3,V,0.4,1.63,1.35,5.0,
mp-553955,V2O3,V,0.4,1.63,1.35,5.0,
mp-715514,V2O3,V,0.4,1.63,1.35,5.0,
mp-776630,V2O3,V,0.4,1.63,1.35,5.0,
mp-776688,V2O3,V,0.4,1.63,1.35,5.0,
mp-777698,V2O3,V,0.4,1.63,1.35,5.0,
mp-780654,V2O3,V,0.4,1.63,1.35,5.0,
mp-796380,V2O3,V,0.4,1.63,1.35,5.0,
mp-1216596,V2O5,V,0.2857,1.63,1.35,5.0,
mp-1244889,V2O5,V,0.2857,1.63,1.35,5.0,
mp-1244901,V2O5,V,0.2857,1.63,1.35,5.0,
mp-1244904,V2O5,V,0.2857,1.63,1.35,5.0,
mp-1244920,V2O5,V,0.2857,1.63,1.35,5.0,
mp-1244925,V2O5,V,0.2857,1.63,1.35,5.0,
mp-1244942,V2O5,V,0.2857,1.63,1.35,5.0,
mp-1244961,V2O5,V,0.2857,1.63,1.35,5.0,
mp-1244978,V2O5,V,0.2857,1.63,1.35,5.0,
mp-1244985,V2O5,V,0.2857,1.63,1.35,5.0,
mp-1244996,V2O5,V,0.2857,1.63,1.35,5.0,
mp-1245000,V2O5,V,0.2857,1.63,1.35,5.0,
mp-1245005,V2O5,V,0.2857,1.63,1.35,5.0,
mp-1245040,V2O5,V,0.2857,1.63,1.35,5.0,
mp-1245049,V2O5,V,0.2857,1.63,1.35,5.0,
mp-1245058,V2O5,V,0.2857,1.63,1.35,5.0,
mp-1245061,V2O5,V,0.2857,1.63,1.35,5.0,
mp-1245096,V2O5,V,0.2857,1.63,1.35,5.0,
mp-1245097,V2O5,V,0.2857,1.63,1.35,5.0,
mp-1245101,V2O5,V,0.2857,1.63,1.35,5.0,
mp-1245118,V2O5,V,0.2857,1.63,1.35,5.0,
mp-1245120,V2O5,V,0.2857,1.63,1.35,5.0,
mp-1245137,V2O5,V,0.2857,1.63,1.35,5.0,
mp-1245142,V2O5,V,0.2857,1.63,1.35,5.0,
mp-1245153,V2O5,V,0.2857,1.63,1.35,5.0,
mp-1245156,V2O5,V,0.2857,1.63,1.35,5.0,
mp-1245160,V2O5,V,0.2857,1.63,1.35,5.0,
mp-1245162,V2O5,V,0.2857,1.63,1.35,5.0,
mp-1245171,V2O5,V,0.2857,1.63,1.35,5.0,
mp-1245174,V2O5,V,0.2857,1.63,1.35,5.0,
mp-1245198,V2O5,V,0.2857,1.63,1.35,5.0,
mp-1245219,V2O5,V,0.2857,1.63,1.35,5.0,
mp-1245221,V2O5,V,0.2857,1.63,1.35,5.0,
mp-1245240,V2O5,V,0.2857,1.63,1.35,5.0,
mp-1245272,V2O5,V,0.2857,1.63,1.35,5.0,
mp-1245275,V2O5,V,0.2857,1.63,1.35,5.0,
mp-1245283,V2O5,V,0.2857,1.63,1.35,5.0,
mp-1245284,V2O5,V,0.2857,1.63,1.35,5.0,
mp-1245312,V2O5,V,0.2857,1.63,1.35,5.0,
mp-1245315,V2O5,V,0.2857,1.63,1.35,5.0,
mp-1245325,V2O5,V,0.2857,1.63,1.35,5.0,
mp-1410508,V2O5,V,0.2857,1.63,1.35,5.0,
mp-25207,V2O5,V,0.2857,1.63,1.35,5.0,
mp-25233,V2O5,V,0.2857,1.63,1.35,5.0,
mp-25279,V2O5,V,0.2857,1.63,1.35,5.0,
mp-25280,V2O5,V,0.2857,1.63,1.35,5.0,
mp-25288,V2O5,V,0.2857,1.63,1.35,5.0,
mp-510568,V2O5,V,0.2857,1.63,1.35,5.0,
mp-542844,V2O5,V,0.2857,1.63,1.35,5.0,
mp-624689,V2O5,V,0.2857,1.63,1.35,5.0,
mp-720166,V2O5,V,0.2857,1.63,1.35,5.0,
mp-729713,V2O5,V,0.2857,1.63,1.35,5.0,
mp-754585,V2O5,V,0.2857,1.63,1.35,5.0,
mp-754670,V2O5,V,0.2857,1.63,1.35,5.0,
mp-755235,V2O5,V,0.2857,1.63,1.35,5.0,
mp-776041,V2O5,V,0.2857,1.63,1.35,5.0,
mp-776152,V2O5,V,0.2857,1.63,1.35,5.0,
mp-831269,V2O5,V,0.2857,1.63,1.35,5.0,
mp-818205,V3O10,V,0.2308,1.63,1.35,5.0,
mp-1272338,V3O5,V,0.375,1.63,1.35,5.0,
mp-1274098,V3O5,V,0.375,1.63,1.35,5.0,
mp-30987,V3O5,V,0.375,1.63,1.35,5.0,
mp-622497,V3O5,V,0.375,1.63,1.35,5.0,
mp-714911,V3O5,V,0.375,1.63,1.35,5.0,
mp-1379199,V3O7,V,0.3,1.63,1.35,5.0,
mp-622640,V3O7,V,0.3,1.63,1.35,5.0,
mp-756395,V3O7,V,0.3,1.63,1.35,5.0,
mp-760992,V3O7,V,0.3,1.63,1.35,5.0,
mp-764115,V3O7,V,0.3,1.63,1.35,5.0,
mp-1178827,V3O8,V,0.2727,1.63,1.35,5.0,
mp-1178828,V3O8,V,0.2727,1.63,1.35,5.0,
mp-1178850,V3O8,V,0.2727,1.63,1.35,5.0,
mp-1179073,V3O8,V,0.2727,1.63,1.35,5.0,
mp-1179363,V3O8,V,0.2727,1.63,1.35,5.0,
mp-796240,V3O8,V,0.2727,1.63,1.35,5.0,
mp-796383,V3O8,V,0.2727,1.63,1.35,5.0,
mp-1178831,V4O7,V,0.3636,1.63,1.35,5.0,
mp-1178988,V4O7,V,0.3636,1.63,1.35,5.0,
mp-1179536,V4O7,V,0.3636,1.63,1.35,5.0,
mp-21018,V4O7,V,0.3636,1.63,1.35,5.0,
mp-2506981,V4O7,V,0.3636,1.63,1.35,5.0,
mp-555597,V4O7,V,0.3636,1.63,1.35,5.0,
mp-715457,V4O7,V,0.3636,1.63,1.35,5.0,
mp-715493,V4O7,V,0.3636,1.63,1.35,5.0,
mp-1370177,V4O9,V,0.3077,1.63,1.35,5.0,
mp-27412,V4O9,V,0.3077,1.63,1.35,5.0,
mp-715664,V4O9,V,0.3077,1.63,1.35,5.0,
mp-2214725,V5O12,V,0.2941,1.63,1.35,5.0,-2.234867
mp-754451,V5O12,V,0.2941,1.63,1.35,5.0,
mp-772530,V5O12,V,0.2941,1.63,1.35,5.0,
mp-777580,V5O12,V,0.2941,1.63,1.35,5.0,
mp-778252,V5O12,V,0.2941,1.63,1.35,5.0,
mp-1204545,V5O14,V,0.2632,1.63,1.35,5.0,
mp-1046039,V5O7,V,0.4167,1.63,1.35,5.0,
mp-542334,V5O9,V,0.3571,1.63,1.35,5.0,
mp-714932,V5O9,V,0.3571,1.63,1.35,5.0,
mp-30518,V6O11,V,0.3529,1.63,1.35,5.0,
mp-849537,V6O11,V,0.3529,1.63,1.35,5.0,
mp-1196958,V6O13,V,0.3158,1.63,1.35,5.0,
mp-1201338,V6O13,V,0.3158,1.63,1.35,5.0,
mp-18896,V6O13,V,0.3158,1.63,1.35,5.0,
mp-19457,V6O13,V,0.3158,1.63,1.35,5.0,
mp-554064,V6O13,V,0.3158,1.63,1.35,5.0,
mp-714921,V6O13,V,0.3158,1.63,1.35,5.0,
mp-715617,V6O13,V,0.3158,1.63,1.35,5.0,
mp-870306,V6O13,V,0.3158,1.63,1.35,5.0,
mp-27151,V7O13,V,0.35,1.63,1.35,5.0,
mp-715598,V7O13,V,0.35,1.63,1.35,5.0,
mp-1100921,V7O3,V,0.7,1.63,1.35,5.0,
mp-542910,V7O3,V,0.7,1.63,1.35,5.0,
mp-1205504,V7O4,V,0.6364,1.63,1.35,5.0,
mp-714972,V8O,V,0.8889,1.63,1.35,5.0,
mp-556566,V8O15,V,0.3478,1.63,1.35,5.0,
mp-1045898,V9O13,V,0.4091,1.63,1.35,5.0,
mp-559485,V9O17,V,0.3462,1.63,1.35,5.0,
mp-716723,V9O17,V,0.3462,1.63,1.35,5.0,
mp-1100929,V9O20,V,0.3103,1.63,1.35,5.0,
mp-1101328,V9O22,V,0.2903,1.63,1.35,5.0,
mp-776583,V9O22,V,0.2903,1.63,1.35,5.0,
mp-849581,V9O22,V,0.2903,1.63,1.35,5.0,
mp-1273331,VO,V,0.5,1.63,1.35,5.0,
mp-1287184,VO,V,0.5,1.63,1.35,5.0,
mp-19184,VO,V,0.5,1.63,1.35,5.0,
mp-714885,VO,V,0.5,1.63,1.35,5.0,
mp-1021522,VO2,V,0.3333,1.63,1.35,5.0,
mp-1040910,VO2,V,0.3333,1.63,1.35,5.0,
mp-1047618,VO2,V,0.3333,1.63,1.35,5.0,
mp-1094031,VO2,V,0.3333,1.63,1.35,5.0,
mp-1100908,VO2,V,0.3333,1.63,1.35,5.0,
mp-1102963,VO2,V,0.3333,1.63,1.35,5.0,
mp-1178787,VO2,V,0.3333,1.63,1.35,5.0,
mp-1190609,VO2,V,0.3333,1.63,1.35,5.0,
mp-1245012,VO2,V,0.3333,1.63,1.35,5.0,
mp-1245047,VO2,V,0.3333,1.63,1.35,5.0,
mp-1245059,VO2,V,0.3333,1.63,1.35,5.0,
mp-1271755,VO2,V,0.3333,1.63,1.35,5.0,
mp-1271757,VO2,V,0.3333,1.63,1.35,5.0,
mp-1271792,VO2,V,0.3333,1.63,1.35,5.0,
mp-1272932,VO2,V,0.3333,1.63,1.35,5.0,
mp-1273390,VO2,V,0.3333,1.63,1.35,5.0,
mp-1273559,VO2,V,0.3333,1.63,1.35,5.0,
mp-1274771,VO2,V,0.3333,1.63,1.35,5.0,
mp-1277117,VO2,V,0.3333,1.63,1.35,5.0,
mp-1277428,VO2,V,0.3333,1.63,1.35,5.0,
mp-1284510,VO2,V,0.3333,1.63,1.35,5.0,
mp-1285335,VO2,V,0.3333,1.63,1.35,5.0,
mp-1289705,VO2,V,0.3333,1.63,1.35,5.0,
mp-1314858,VO2,V,0.3333,1.63,1.35,5.0,
mp-1342978,VO2,V,0.3333,1.63,1.35,5.0,
mp-1353031,VO2,V,0.3333,1.63,1.35,5.0,
mp-1361684,VO2,V,0.3333,1.63,1.35,5.0,
mp-1393040,VO2,V,0.3333,1.63,1.35,5.0,
mp-1396942,VO2,V,0.3333,1.63,1.35,5.0,
mp-1412582,VO2,V,0.3333,1.63,1.35,5.0,
mp-1420871,VO2,V,0.3333,1.63,1.35,5.0,
mp-1446045,VO2,V,0.3333,1.63,1.35,5.0,
mp-1780502,VO2,V,0.3333,1.63,1.35,5.0,
mp-19094,VO2,V,0.3333,1.63,1.35,5.0,
mp-1974654,VO2,V,0.3333,1.63,1.35,5.0,
mp-1975157,VO2,V,0.3333,1.63,1.35,5.0,
mp-1975342,VO2,V,0.3333,1.63,1.35,5.0,
mp-20593,VO2,V,0.3333,1.63,1.35,5.0,
mp-20974,VO2,V,0.3333,1.63,1.35,5.0,
mp-2214678,VO2,V,0.3333,1.63,1.35,5.0,
mp-2214803,VO2,V,0.3333,1.63,1.35,5.0,
mp-2506972,VO2,V,0.3333,1.63,1.35,5.0,
mp-25199,VO2,V,0.3333,1.63,1.35,5.0,
mp-25283,VO2,V,0.3333,1.63,1.35,5.0,
mp-2739064,VO2,V,0.3333,1.63,1.35,5.0,
mp-541404,VO2,V,0.3333,1.63,1.35,5.0,
mp-547074,VO2,V,0.3333,1.63,1.35,5.0,
mp-559445,VO2,V,0.3333,1.63,1.35,5.0,
mp-566801,VO2,V,0.3333,1.63,1.35,5.0,
mp-634430,VO2,V,0.3333,1.63,1.35,5.0,
mp-636746,VO2,V,0.3333,1.63,1.35,5.0,
mp-714931,VO2,V,0.3333,1.63,1.35,5.0,
mp-714944,VO2,V,0.3333,1.63,1.35,5.0,
mp-714960,VO2,V,0.3333,1.63,1.35,5.0,
mp-715035,VO2,V,0.3333,1.63,1.35,5.0,
mp-715517,VO2,V,0.3333,1.63,1.35,5.0,
mp-715553,VO2,V,0.3333,1.63,1.35,5.0,
mp-755394,VO2,V,0.3333,1.63,1.35,5.0,
mp-755411,VO2,V,0.3333,1.63,1.35,5.0,
mp-777469,VO2,V,0.3333,1.63,1.35,5.0,
mp-777479,VO2,V,0.3333,1.63,1.35,5.0,
mp-849511,VO2,V,0.3333,1.63,1.35,5.0,
mp-1178867,VO3,V,0.25,1.63,1.35,5.0,
mp-1207792,VO3,V,0.25,1.63,1.35,5.0,
mp-1208572,VO3,V,0.25,1.63,1.35,5.0,
mp-826024,VO3,V,0.25,1.63,1.35,5.0,
mp-780521,Cr19O48,Cr,0.2836,1.66,1.4,6.0,
mp-850874,Cr19O48,Cr,0.2836,1.66,1.4,6.0,
mp-1206821,Cr2O,Cr,0.6667,1.66,1.4,6.0,
mp-1043379,Cr2O3,Cr,0.4,1.66,1.4,6.0,
mp-1181863,Cr2O3,Cr,0.4,1.66,1.4,6.0,
mp-1244912,Cr2O3,Cr,0.4,1.66,1.4,6.0,
mp-1244988,Cr2O3,Cr,0.4,1.66,1.4,6.0,
mp-1245064,Cr2O3,Cr,0.4,1.66,1.4,6.0,
mp-1245091,Cr2O3,Cr,0.4,1.66,1.4,6.0,
mp-1245208,Cr2O3,Cr,0.4,1.66,1.4,6.0,
mp-1245247,Cr2O3,Cr,0.4,1.66,1.4,6.0,
mp-1245257,Cr2O3,Cr,0.4,1.66,1.4,6.0,
mp-1245327,Cr2O3,Cr,0.4,1.66,1.4,6.0,
mp-19399,Cr2O3,Cr,0.4,1.66,1.4,6.0,
mp-753829,Cr2O3,Cr,0.4,1.66,1.4,6.0,
mp-755749,Cr2O3,Cr,0.4,1.66,1.4,6.0,
mp-776873,Cr2O3,Cr,0.4,1.66,1.4,6.0,
mp-1043300,Cr2O5,Cr,0.2857,1.66,1.4,6.0,
mp-1397432,Cr2O5,Cr,0.2857,1.66,1.4,6.0,
mp-1402326,Cr2O5,Cr,0.2857,1.66,1.4,6.0,
mp-776160,Cr2O5,Cr,0.2857,1.66,1.4,6.0,
mp-20609,Cr3O,Cr,0.75,1.66,1.4,6.0,
mp-714896,Cr3O,Cr,0.75,1.66,1.4,6.0,
mp-1310867,Cr3O4,Cr,0.4286,1.66,1.4,6.0,
mp-756253,Cr3O4,Cr,0.4286,1.66,1.4,6.0,
mp-1096920,Cr3O5,Cr,0.375,1.66,1.4,6.0,
mp-1044455,Cr3O7,Cr,0.3,1.66,1.4,6.0,
mp-1043013,Cr3O8,Cr,0.2727,1.66,1.4,6.0,
mp-1388338,Cr3O8,Cr,0.2727,1.66,1.4,6.0,
mp-2220540,Cr3O8,Cr,0.2727,1.66,1.4,6.0,
mp-545771,Cr3O8,Cr,0.2727,1.66,1.4,6.0,
mp-545796,Cr3O8,Cr,0.2727,1.66,1.4,6.0,
mp-754874,Cr3O8,Cr,0.2727,1.66,1.4,6.0,
mp-1198417,Cr4O15,Cr,0.2105,1.66,1.4,6.0,
mp-1041443,Cr4O9,Cr,0.3077,1.66,1.4,6.0,
mp-13869,Cr5O12,Cr,0.2941,1.66,1.4,6.0,
mp-773920,Cr5O12,Cr,0.2941,1.66,1.4,6.0,
mp-1046050,Cr5O7,Cr,0.4167,1.66,1.4,6.0,
mp-1213798,Cr6O11,Cr,0.3529,1.66,1.4,6.0,
mp-1181818,Cr8O21,Cr,0.2759,1.66,1.4,6.0,
mp-1396459,Cr8O21,Cr,0.2759,1.66,1.4,6.0,
mp-558855,Cr8O21,Cr,0.2759,1.66,1.4,6.0,
mp-689946,Cr8O21,Cr,0.2759,1.66,1.4,6.0,
mp-1045826,Cr9O13,Cr,0.4091,1.66,1.4,6.0,
mp-1178414,CrO,Cr,0.5,1.66,1.4,6.0,
mp-1178416,CrO,Cr,0.5,1.66,1.4,6.0,
mp-1272524,CrO,Cr,0.5,1.66,1.4,6.0,
mp-1273363,CrO,Cr,0.5,1.66,1.4,6.0,
mp-1283577,CrO,Cr,0.5,1.66,1.4,6.0,
mp-1302566,CrO,Cr,0.5,1.66,1.4,6.0,
mp-19091,CrO,Cr,0.5,1.66,1.4,6.0,
mp-2039648,CrO,Cr,0.5,1.66,1.4,6.0,
mp-754983,CrO,Cr,0.5,1.66,1.4,6.0,
mp-755073,CrO,Cr,0.5,1.66,1.4,6.0,
mp-755286,CrO,Cr,0.5,1.66,1.4,6.0,
mp-1009555,CrO2,Cr,0.3333,1.66,1.4,6.0,
mp-1040967,CrO2,Cr,0.3333,1.66,1.4,6.0,
mp-1041961,CrO2,Cr,0.3333,1.66,1.4,6.0,
mp-1044871,CrO2,Cr,0.3333,1.66,1.4,6.0,
mp-1047121,CrO2,Cr,0.3333,1.66,1.4,6.0,
mp-1047643,CrO2,Cr,0.3333,1.66,1.4,6.0,
mp-1102170,CrO2,Cr,0.3333,1.66,1.4,6.0,
mp-1102412,CrO2,Cr,0.3333,1.66,1.4,6.0,
mp-1181747,CrO2,Cr,0.3333,1.66,1.4,6.0,
mp-1281333,CrO2,Cr,0.3333,1.66,1.4,6.0,
mp-1349242,CrO2,Cr,0.3333,1.66,1.4,6.0,
mp-1358572,CrO2,Cr,0.3333,1.66,1.4,6.0,
mp-1388847,CrO2,Cr,0.3333,1.66,1.4,6.0,
mp-1389152,CrO2,Cr,0.3333,1.66,1.4,6.0,
mp-1394584,CrO2,Cr,0.3333,1.66,1.4,6.0,
mp-1399565,CrO2,Cr,0.3333,1.66,1.4,6.0,
mp-1400837,CrO2,Cr,0.3333,1.66,1.4,6.0,
mp-1421109,CrO2,Cr,0.3333,1.66,1.4,6.0,
mp-1446026,CrO2,Cr,0.3333,1.66,1.4,6.0,
mp-19177,CrO2,Cr,0.3333,1.66,1.4,6.0,
mp-21395,CrO2,Cr,0.3333,1.66,1.4,6.0,
mp-2214915,CrO2,Cr,0.3333,1.66,1.4,6.0,
mp-25302,CrO2,Cr,0.3333,1.66,1.4,6.0,
mp-714929,CrO2,Cr,0.3333,1.66,1.4,6.0,
mp-1330490,CrO3,Cr,0.25,1.66,1.4,6.0,
mp-1387606,CrO3,Cr,0.25,1.66,1.4,6.0,
mp-1389926,CrO3,Cr,0.25,1.66,1.4,6.0,
mp-1429856,CrO3,Cr,0.25,1.66,1.4,6.0,
mp-510421,CrO3,Cr,0.25,1.66,1.4,6.0,
mp-715566,CrO3,Cr,0.25,1.66,1.4,6.0,
mp-753740,CrO3,Cr,0.25,1.66,1.4,6.0,
mp-755211,CrO3,Cr,0.25,1.66,1.4,6.0,
mp-756041,CrO3,Cr,0.25,1.66,1.4,6.0,
mp-772550,CrO3,Cr,0.25,1.66,1.4,6.0,
mp-778667,CrO3,Cr,0.25,1.66,1.4,6.0,
mp-776603,Mn15O32,Mn,0.3191,1.55,1.4,7.0,
mp-867971,Mn15O32,Mn,0.3191,1.55,1.4,7.0,
mp-1222372,Mn20O43,Mn,0.3175,1.55,1.4,7.0,
mp-766493,Mn21O40,Mn,0.3443,1.55,1.4,7.0,
mp-849596,Mn21O40,Mn,0.3443,1.55,1.4,7.0,
mp-1043363,Mn2O3,Mn,0.4,1.55,1.4,7.0,
mp-1172875,Mn2O3,Mn,0.4,1.55,1.4,7.0,
mp-1182678,Mn2O3,Mn,0.4,1.55,1.4,7.0,
mp-1203190,Mn2O3,Mn,0.4,1.55,1.4,7.0,
mp-1204718,Mn2O3,Mn,0.4,1.55,1.4,7.0,
mp-1303934,Mn2O3,Mn,0.4,1.55,1.4,7.0,
mp-1306224,Mn2O3,Mn,0.4,1.55,1.4,7.0,
mp-1349371,Mn2O3,Mn,0.4,1.55,1.4,7.0,
mp-510604,Mn2O3,Mn,0.4,1.55,1.4,7.0,
mp-565203,Mn2O3,Mn,0.4,1.55,1.4,7.0,
mp-770543,Mn2O3,Mn,0.4,1.55,1.4,7.0,
mp-771717,Mn2O3,Mn,0.4,1.55,1.4,7.0,
mp-778470,Mn2O3,Mn,0.4,1.55,1.4,7.0,
mp-1104282,Mn2O5,Mn,0.2857,1.55,1.4,7.0,
mp-28338,Mn2O7,Mn,0.2222,1.55,1.4,7.0,
mp-1180464,Mn3O4,Mn,0.4286,1.55,1.4,7.0,
mp-1180876,Mn3O4,Mn,0.4286,1.55,1.4,7.0,
mp-1193728,Mn3O4,Mn,0.4286,1.55,1.4,7.0,
mp-1194100,Mn3O4,Mn,0.4286,1.55,1.4,7.0,
mp-1279995,Mn3O4,Mn,0.4286,1.55,1.4,7.0,
mp-18759,Mn3O4,Mn,0.4286,1.55,1.4,7.0,
mp-20141,Mn3O4,Mn,0.4286,1.55,1.4,7.0,
mp-638270,Mn3O4,Mn,0.4286,1.55,1.4,7.0,
mp-1046066,Mn5O7,Mn,0.4167,1.55,1.4,7.0,
mp-18922,Mn5O8,Mn,0.3846,1.55,1.4,7.0,
mp-752536,Mn5O8,Mn,0.3846,1.55,1.4,7.0,
mp-754430,Mn7O12,Mn,0.3684,1.55,1.4,7.0,
mp-1221945,Mn8O17,Mn,0.32,1.55,1.4,7.0,
mp-1045833,Mn9O13,Mn,0.4091,1.55,1.4,7.0,
mp-1232659,MnO,Mn,0.5,1.55,1.4,7.0,
mp-1238773,MnO,Mn,0.5,1.55,1.4,7.0,
mp-1238899,MnO,Mn,0.5,1.55,1.4,7.0,
mp-19006,MnO,Mn,0.5,1.55,1.4,7.0,
mp-2831286,MnO,Mn,0.5,1.55,1.4,7.0,
mp-999539,MnO,Mn,0.5,1.55,1.4,7.0,
mp-1041066,MnO2,Mn,0.3333,1.55,1.4,7.0,
mp-1221542,MnO2,Mn,0.3333,1.55,1.4,7.0,
mp-1221574,MnO2,Mn,0.3333,1.55,1.4,7.0,
mp-1271850,MnO2,Mn,0.3333,1.55,1.4,7.0,
mp-1272141,MnO2,Mn,0.3333,1.55,1.4,7.0,
mp-1350912,MnO2,Mn,0.3333,1.55,1.4,7.0,
mp-1354190,MnO2,Mn,0.3333,1.55,1.4,7.0,
mp-1354468,MnO2,Mn,0.3333,1.55,1.4,7.0,
mp-1371977,MnO2,Mn,0.3333,1.55,1.4,7.0,
mp-1407587,MnO2,Mn,0.3333,1.55,1.4,7.0,
mp-19326,MnO2,Mn,0.3333,1.55,1.4,7.0,
mp-19395,MnO2,Mn,0.3333,1.55,1.4,7.0,
mp-25223,MnO2,Mn,0.3333,1.55,1.4,7.0,
mp-25275,MnO2,Mn,0.3333,1.55,1.4,7.0,
mp-25424,MnO2,Mn,0.3333,1.55,1.4,7.0,
mp-33009,MnO2,Mn,0.3333,1.55,1.4,7.0,
mp-510408,MnO2,Mn,0.3333,1.55,1.4,7.0,
mp-510732,MnO2,Mn,0.3333,1.55,1.4,7.0,
mp-644514,MnO2,Mn,0.3333,1.55,1.4,7.0,
mp-705430,MnO2,Mn,0.3333,1.55,1.4,7.0,
mp-755489,MnO2,Mn,0.3333,1.55,1.4,7.0,
mp-755671,MnO2,Mn,0.3333,1.55,1.4,7.0,
mp-796077,MnO2,Mn,0.3333,1.55,1.4,7.0,
mp-796336,MnO2,Mn,0.3333,1.55,1.4,7.0,
mp-796340,MnO2,Mn,0.3333,1.55,1.4,7.0,
mp-1086672,MnO3,Mn,0.25,1.55,1.4,7.0,
mp-1221594,MnO4,Mn,0.2,1.55,1.4,7.0,
mp-705555,Fe10O11,Fe,0.4762,1.83,1.4,3.0,
mp-759504,Fe10O11,Fe,0.4762,1.83,1.4,3.0,
mp-799417,Fe10O11,Fe,0.4762,1.83,1.4,3.0,
mp-705417,Fe11O12,Fe,0.4783,1.83,1.4,3.0,
mp-764326,Fe12O13,Fe,0.48,1.83,1.4,3.0,
mp-705414,Fe13O14,Fe,0.4815,1.83,1.4,3.0,
mp-756693,Fe13O15,Fe,0.4643,1.83,1.4,3.0,
mp-1195927,Fe13O19,Fe,0.4062,1.83,1.4,3.0,
mp-764417,Fe14O15,Fe,0.4828,1.83,1.4,3.0,
mp-1224936,Fe15O16,Fe,0.4839,1.83,1.4,3.0,
mp-705551,Fe15O16,Fe,0.4839,1.83,1.4,3.0,
mp-705424,Fe17O18,Fe,0.4857,1.83,1.4,3.0,
mp-706875,Fe21O23,Fe,0.4773,1.83,1.4,3.0,
mp-530048,Fe21O32,Fe,0.3962,1.83,1.4,3.0,
mp-705553,Fe23O25,Fe,0.4792,1.83,1.4,3.0,
mp-774295,Fe23O32,Fe,0.4182,1.83,1.4,3.0,
mp-776135,Fe23O32,Fe,0.4182,1.83,1.4,3.0,
mp-1194978,Fe25O32,Fe,0.4386,1.83,1.4,3.0,
mp-1068212,Fe2O3,Fe,0.4,1.83,1.4,3.0,
mp-1078361,Fe2O3,Fe,0.4,1.83,1.4,3.0,
mp-1178392,Fe2O3,Fe,0.4,1.83,1.4,3.0,
mp-1181824,Fe2O3,Fe,0.4,1.83,1.4,3.0,
mp-1205415,Fe2O3,Fe,0.4,1.83,1.4,3.0,
mp-1244869,Fe2O3,Fe,0.4,1.83,1.4,3.0,
mp-1244911,Fe2O3,Fe,0.4,1.83,1.4,3.0,
mp-1245019,Fe2O3,Fe,0.4,1.83,1.4,3.0,
mp-1245078,Fe2O3,Fe,0.4,1.83,1.4,3.0,
mp-1245084,Fe2O3,Fe,0.4,1.83,1.4,3.0,
mp-1245154,Fe2O3,Fe,0.4,1.83,1.4,3.0,
mp-1245277,Fe2O3,Fe,0.4,1.83,1.4,3.0,
mp-1356129,Fe2O3,Fe,0.4,1.83,1.4,3.0,
mp-1378486,Fe2O3,Fe,0.4,1.83,1.4,3.0,
mp-1456,Fe2O3,Fe,0.4,1.83,1.4,3.0,
mp-19770,Fe2O3,Fe,0.4,1.83,1.4,3.0,
mp-510080,Fe2O3,Fe,0.4,1.83,1.4,3.0,
mp-542896,Fe2O3,Fe,0.4,1.83,1.4,3.0,
mp-557546,Fe2O3,Fe,0.4,1.83,1.4,3.0,
mp-565814,Fe2O3,Fe,0.4,1.83,1.4,3.0,
mp-685153,Fe2O3,Fe,0.4,1.83,1.4,3.0,
mp-705547,Fe2O3,Fe,0.4,1.83,1.4,3.0,
mp-715276,Fe2O3,Fe,0.4,1.83,1.4,3.0,
mp-715572,Fe2O3,Fe,0.4,1.83,1.4,3.0,
mp-716814,Fe2O3,Fe,0.4,1.83,1.4,3.0,
mp-776606,Fe2O3,Fe,0.4,1.83,1.4,3.0,
mp-1147691,Fe2O5,Fe,0.2857,1.83,1.4,3.0,
mp-863766,Fe32O35,Fe,0.4776,1.83,1.4,3.0,
mp-694910,Fe35O36,Fe,0.493,1.83,1.4,3.0,
mp-705753,Fe38O39,Fe,0.4935,1.83,1.4,3.0,
mp-1184320,Fe3O,Fe,0.75,1.83,1.4,3.0,
mp-1104628,Fe3O4,Fe,0.4286,1.83,1.4,3.0,
mp-1181340,Fe3O4,Fe,0.4286,1.83,1.4,3.0,
mp-1181546,Fe3O4,Fe,0.4286,1.83,1.4,3.0,
mp-1181570,Fe3O4,Fe,0.4286,1.83,1.4,3.0,
mp-1181657,Fe3O4,Fe,0.4286,1.83,1.4,3.0,
mp-1181813,Fe3O4,Fe,0.4286,1.83,1.4,3.0,
mp-1182229,Fe3O4,Fe,0.4286,1.83,1.4,3.0,
mp-1182249,Fe3O4,Fe,0.4286,1.83,1.4,3.0,
mp-1185276,Fe3O4,Fe,0.4286,1.83,1.4,3.0,
mp-1192788,Fe3O4,Fe,0.4286,1.83,1.4,3.0,
mp-1271729,Fe3O4,Fe,0.4286,1.83,1.4,3.0,
mp-1271821,Fe3O4,Fe,0.4286,1.83,1.4,3.0,
mp-1271978,Fe3O4,Fe,0.4286,1.83,1.4,3.0,
mp-1379262,Fe3O4,Fe,0.4286,1.83,1.4,3.0,
mp-18731,Fe3O4,Fe,0.4286,1.83,1.4,3.0,
mp-19306,Fe3O4,Fe,0.4286,1.83,1.4,3.0,
mp-2903347,Fe3O4,Fe,0.4286,1.83,1.4,3.0,
mp-31770,Fe3O4,Fe,0.4286,1.83,1.4,3.0,
mp-505595,Fe3O4,Fe,0.4286,1.83,1.4,3.0,
mp-510252,Fe3O4,Fe,0.4286,1.83,1.4,3.0,
mp-611817,Fe3O4,Fe,0.4286,1.83,1.4,3.0,
mp-612405,Fe3O4,Fe,0.4286,1.83,1.4,3.0,
mp-650112,Fe3O4,Fe,0.4286,1.83,1.4,3.0,
mp-705416,Fe3O4,Fe,0.4286,1.83,1.4,3.0,
mp-715275,Fe3O4,Fe,0.4286,1.83,1.4,3.0,
mp-715438,Fe3O4,Fe,0.4286,1.83,1.4,3.0,
mp-715558,Fe3O4,Fe,0.4286,1.83,1.4,3.0,
mp-715614,Fe3O4,Fe,0.4286,1.83,1.4,3.0,
mp-715811,Fe3O4,Fe,0.4286,1.83,1.4,3.0,
mp-716052,Fe3O4,Fe,0.4286,1.83,1.4,3.0,
mp-757565,Fe41O56,Fe,0.4227,1.83,1.4,3.0,
mp-530050,Fe43O64,Fe,0.4019,1.83,1.4,3.0,
mp-1181334,Fe4O13,Fe,0.2353,1.83,1.4,3.0,
mp-1181411,Fe4O13,Fe,0.2353,1.83,1.4,3.0,
mp-1188678,Fe4O5,Fe,0.4444,1.83,1.4,3.0,
mp-1095382,Fe5O7,Fe,0.4167,1.83,1.4,3.0,
mp-1326275,Fe5O7,Fe,0.4167,1.83,1.4,3.0,
mp-1225001,Fe5O8,Fe,0.3846,1.83,1.4,3.0,-1.456271
mp-1225007,Fe5O8,Fe,0.3846,1.83,1.4,3.0,
mp-510746,Fe5O8,Fe,0.3846,1.83,1.4,3.0,
mp-32939,Fe7O8,Fe,0.4667,1.83,1.4,3.0,
mp-715333,Fe7O8,Fe,0.4667,1.83,1.4,3.0,
mp-705558,Fe7O9,Fe,0.4375,1.83,1.4,3.0,
mp-1182503,Fe8O17,Fe,0.32,1.83,1.4,3.0,
mp-705588,Fe8O9,Fe,0.4706,1.83,1.4,3.0,
mp-763787,Fe8O9,Fe,0.4706,1.83,1.4,3.0,
mp-759037,Fe9O10,Fe,0.4737,1.83,1.4,3.0,
mp-1342828,Fe9O13,Fe,0.4091,1.83,1.4,3.0,
mp-1178232,FeO,Fe,0.5,1.83,1.4,3.0,
mp-1178239,FeO,Fe,0.5,1.83,1.4,3.0,
mp-1178247,FeO,Fe,0.5,1.83,1.4,3.0,
mp-1181437,FeO,Fe,0.5,1.83,1.4,3.0,
mp-1244983,FeO,Fe,0.5,1.83,1.4,3.0,
mp-1245001,FeO,Fe,0.5,1.83,1.4,3.0,
mp-1245168,FeO,Fe,0.5,1.83,1.4,3.0,
mp-1274279,FeO,Fe,0.5,1.83,1.4,3.0,
mp-1283030,FeO,Fe,0.5,1.83,1.4,3.0,
mp-18905,FeO,Fe,0.5,1.83,1.4,3.0,
mp-1974703,FeO,Fe,0.5,1.83,1.4,3.0,
mp-2767639,FeO,Fe,0.5,1.83,1.4,3.0,
mp-715262,FeO,Fe,0.5,1.83,1.4,3.0,
mp-753682,FeO,Fe,0.5,1.83,1.4,3.0,
mp-754765,FeO,Fe,0.5,1.83,1.4,3.0,
mp-755189,FeO,Fe,0.5,1.83,1.4,3.0,
mp-756436,FeO,Fe,0.5,1.83,1.4,3.0,
mp-849689,FeO,Fe,0.5,1.83,1.4,3.0,
mp-1047285,FeO2,Fe,0.3333,1.83,1.4,3.0,
mp-1062652,FeO2,Fe,0.3333,1.83,1.4,3.0,
mp-1097003,FeO2,Fe,0.3333,1.83,1.4,3.0,
mp-1181766,FeO2,Fe,0.3333,1.83,1.4,3.0,
mp-1205429,FeO2,Fe,0.3333,1.83,1.4,3.0,
mp-1350825,FeO2,Fe,0.3333,1.83,1.4,3.0,
mp-1354450,FeO2,Fe,0.3333,1.83,1.4,3.0,
mp-1355192,FeO2,Fe,0.3333,1.83,1.4,3.0,
mp-1355579,FeO2,Fe,0.3333,1.83,1.4,3.0,
mp-1359196,FeO2,Fe,0.3333,1.83,1.4,3.0,
mp-1384466,FeO2,Fe,0.3333,1.83,1.4,3.0,
mp-1387762,FeO2,Fe,0.3333,1.83,1.4,3.0,
mp-1395285,FeO2,Fe,0.3333,1.83,1.4,3.0,
mp-1412685,FeO2,Fe,0.3333,1.83,1.4,3.0,
mp-1431292,FeO2,Fe,0.3333,1.83,1.4,3.0,
mp-1443203,FeO2,Fe,0.3333,1.83,1.4,3.0,
mp-25236,FeO2,Fe,0.3333,1.83,1.4,3.0,
mp-25332,FeO2,Fe,0.3333,1.83,1.4,3.0,
mp-540003,FeO2,Fe,0.3333,1.83,1.4,3.0,
mp-714904,FeO2,Fe,0.3333,1.83,1.4,3.0,
mp-796259,FeO2,Fe,0.3333,1.83,1.4,3.0,
mp-796324,FeO2,Fe,0.3333,1.83,1.4,3.0,
mp-821313,FeO2,Fe,0.3333,1.83,1.4,3.0,
mp-850222,FeO2,Fe,0.3333,1.83,1.4,3.0,
mp-863316,FeO3,Fe,0.25,1.83,1.4,3.0,
mp-766681,Co15O28,Co,0.3488,1.88,1.35,3.0,
mp-850026,Co21O40,Co,0.3443,1.88,1.35,3.0,
mp-2740066,Co23O32,Co,0.4182,1.88,1.35,3.0,
mp-705564,Co23O32,Co,0.4182,1.88,1.35,3.0,
mp-705563,Co29O40,Co,0.4203,1.88,1.35,3.0,
mp-1043418,Co2O3,Co,0.4,1.88,1.35,3.0,
mp-1271784,Co3O4,Co,0.4286,1.88,1.35,3.0,
mp-1271793,Co3O4,Co,0.4286,1.88,1.35,3.0,
mp-1271940,Co3O4,Co,0.4286,1.88,1.35,3.0,
mp-18748,Co3O4,Co,0.4286,1.88,1.35,3.0,
mp-1046082,Co5O7,Co,0.4167,1.88,1.35,3.0,
mp-761471,Co5O8,Co,0.3846,1.88,1.35,3.0,
mp-2215229,Co7O12,Co,0.3684,1.88,1.35,3.0,
mp-756900,Co7O12,Co,0.3684,1.88,1.35,3.0,
mp-1343966,Co9O13,Co,0.4091,1.88,1.35,3.0,
mp-1244882,CoO,Co,0.5,1.88,1.35,3.0,
mp-1244939,CoO,Co,0.5,1.88,1.35,3.0,
mp-1245089,CoO,Co,0.5,1.88,1.35,3.0,
mp-1245304,CoO,Co,0.5,1.88,1.35,3.0,
mp-19079,CoO,Co,0.5,1.88,1.35,3.0,
mp-19128,CoO,Co,0.5,1.88,1.35,3.0,
mp-19275,CoO,Co,0.5,1.88,1.35,3.0,
mp-22408,CoO,Co,0.5,1.88,1.35,3.0,
mp-1041988,CoO2,Co,0.3333,1.88,1.35,3.0,
mp-1047639,CoO2,Co,0.3333,1.88,1.35,3.0,
mp-1062643,CoO2,Co,0.3333,1.88,1.35,3.0,
mp-1062939,CoO2,Co,0.3333,1.88,1.35,3.0,
mp-1063268,CoO2,Co,0.3333,1.88,1.35,3.0,
mp-1178540,CoO2,Co,0.3333,1.88,1.35,3.0,
mp-1181781,CoO2,Co,0.3333,1.88,1.35,3.0,
mp-1226115,CoO2,Co,0.3333,1.88,1.35,3.0,
mp-1244867,CoO2,Co,0.3333,1.88,1.35,3.0,
mp-1244948,CoO2,Co,0.3333,1.88,1.35,3.0,
mp-1245011,CoO2,Co,0.3333,1.88,1.35,3.0,
mp-1245099,CoO2,Co,0.3333,1.88,1.35,3.0,
mp-1245119,CoO2,Co,0.3333,1.88,1.35,3.0,
mp-1272680,CoO2,Co,0.3333,1.88,1.35,3.0,
mp-1272749,CoO2,Co,0.3333,1.88,1.35,3.0,
mp-1275937,CoO2,Co,0.3333,1.88,1.35,3.0,
mp-1278455,CoO2,Co,0.3333,1.88,1.35,3.0,
mp-1278937,CoO2,Co,0.3333,1.88,1.35,3.0,
mp-1281832,CoO2,Co,0.3333,1.88,1.35,3.0,
mp-1344053,CoO2,Co,0.3333,1.88,1.35,3.0,
mp-1349907,CoO2,Co,0.3333,1.88,1.35,3.0,
mp-1356781,CoO2,Co,0.3333,1.88,1.35,3.0,
mp-1359404,CoO2,Co,0.3333,1.88,1.35,3.0,
mp-1400906,CoO2,Co,0.3333,1.88,1.35,3.0,
mp-1408926,CoO2,Co,0.3333,1.88,1.35,3.0,
mp-25234,CoO2,Co,0.3333,1.88,1.35,3.0,
mp-32686,CoO2,Co,0.3333,1.88,1.35,3.0,
mp-504097,CoO2,Co,0.3333,1.88,1.35,3.0,
mp-550206,CoO2,Co,0.3333,1.88,1.35,3.0,
mp-556750,CoO2,Co,0.3333,1.88,1.35,3.0,
mp-754720,CoO2,Co,0.3333,1.88,1.35,3.0,
mp-754748,CoO2,Co,0.3333,1.88,1.35,3.0,
mp-755508,CoO2,Co,0.3333,1.88,1.35,3.0,
mp-756488,CoO2,Co,0.3333,1.88,1.35,3.0,
mp-796278,CoO2,Co,0.3333,1.88,1.35,3.0,
mp-856161,CoO2,Co,0.3333,1.88,1.35,3.0,
mp-1079523,CoO4,Co,0.2,1.88,1.35,3.0,
mp-1100319,Ni15O16,Ni,0.4839,1.91,1.35,2.0,
mp-33255,Ni15O16,Ni,0.4839,1.91,1.35,2.0,
mp-705519,Ni15O16,Ni,0.4839,1.91,1.35,2.0,
mp-1043875,Ni2O3,Ni,0.4,1.91,1.35,2.0,
mp-1220143,Ni2O3,Ni,0.4,1.91,1.35,2.0,
mp-1094139,Ni2O5,Ni,0.2857,1.91,1.35,2.0,
mp-656887,Ni3O4,Ni,0.4286,1.91,1.35,2.0,
mp-754800,Ni3O4,Ni,0.4286,1.91,1.35,2.0,
mp-1094082,Ni4O,Ni,0.8,1.91,1.35,2.0,
mp-1094096,Ni4O3,Ni,0.5714,1.91,1.35,2.0,
mp-1220184,Ni5O11,Ni,0.3125,1.91,1.35,2.0,
mp-1094094,Ni5O4,Ni,0.5556,1.91,1.35,2.0,
mp-1220234,Ni5O4,Ni,0.5556,1.91,1.35,2.0,
mp-754806,Ni5O6,Ni,0.4545,1.91,1.35,2.0,
mp-1046095,Ni5O7,Ni,0.4167,1.91,1.35,2.0,
mp-766450,Ni6O7,Ni,0.4615,1.91,1.35,2.0,
mp-656884,Ni9O10,Ni,0.4737,1.91,1.35,2.0,
mp-1045896,Ni9O13,Ni,0.4091,1.91,1.35,2.0,
mp-1180047,NiO,Ni,0.5,1.91,1.35,2.0,
mp-19009,NiO,Ni,0.5,1.91,1.35,2.0,
mp-1041256,NiO2,Ni,0.3333,1.91,1.35,2.0,
mp-1041980,NiO2,Ni,0.3333,1.91,1.35,2.0,
mp-1042019,NiO2,Ni,0.3333,1.91,1.35,2.0,
mp-1042045,NiO2,Ni,0.3333,1.91,1.35,2.0,
mp-1047762,NiO2,Ni,0.3333,1.91,1.35,2.0,
mp-1354141,NiO2,Ni,0.3333,1.91,1.35,2.0,
mp-1369444,NiO2,Ni,0.3333,1.91,1.35,2.0,
mp-1385278,NiO2,Ni,0.3333,1.91,1.35,2.0,
mp-1407373,NiO2,Ni,0.3333,1.91,1.35,2.0,
mp-25206,NiO2,Ni,0.3333,1.91,1.35,2.0,
mp-25210,NiO2,Ni,0.3333,1.91,1.35,2.0,
mp-25428,NiO2,Ni,0.3333,1.91,1.35,2.0,
mp-35925,NiO2,Ni,0.3333,1.91,1.35,2.0,
mp-510753,NiO2,Ni,0.3333,1.91,1.35,2.0,
mp-634706,NiO2,Ni,0.3333,1.91,1.35,2.0,
mp-1209929,NiO3,Ni,0.25,1.91,1.35,2.0,
mp-361,Cu2O,Cu,0.6667,1.9,1.35,2.0,
mp-1046820,Cu2O3,Cu,0.4,1.9,1.35,2.0,
mp-755040,Cu2O3,Cu,0.4,1.9,1.35,2.0,
mp-755928,Cu2O3,Cu,0.4,1.9,1.35,2.0,
mp-760432,Cu2O3,Cu,0.4,1.9,1.35,2.0,
mp-771359,Cu2O3,Cu,0.4,1.9,1.35,2.0,
mp-1022728,Cu3O2,Cu,0.6,1.9,1.35,2.0,
mp-1147673,Cu3O4,Cu,0.4286,1.9,1.35,2.0,
mp-1178476,Cu3O4,Cu,0.4286,1.9,1.35,2.0,
mp-1023130,Cu4O3,Cu,0.5714,1.9,1.35,2.0,
mp-1478,Cu4O3,Cu,0.5714,1.9,1.35,2.0,
mp-1045868,Cu5O7,Cu,0.4167,1.9,1.35,2.0,
mp-1213626,Cu64O,Cu,0.9846,1.9,1.35,2.0,
mp-1207322,Cu6O,Cu,0.8571,1.9,1.35,2.0,
mp-31217,Cu8O,Cu,0.8889,1.9,1.35,2.0,
mp-704745,Cu8O,Cu,0.8889,1.9,1.35,2.0,
mp-1147761,Cu8O7,Cu,0.5333,1.9,1.35,2.0,
mp-32905,Cu8O7,Cu,0.5333,1.9,1.35,2.0,
mp-760084,Cu8O7,Cu,0.5333,1.9,1.35,2.0,
mp-1045694,Cu9O13,Cu,0.4091,1.9,1.35,2.0,
mp-1064456,CuO,Cu,0.5,1.9,1.35,2.0,
mp-1120722,CuO,Cu,0.5,1.9,1.35,2.0,
mp-1147768,CuO,Cu,0.5,1.9,1.35,2.0,
mp-14549,CuO,Cu,0.5,1.9,1.35,2.0,
mp-1692,CuO,Cu,0.5,1.9,1.35,2.0,
mp-25229,CuO,Cu,0.5,1.9,1.35,2.0,
mp-510751,CuO,Cu,0.5,1.9,1.35,2.0,
mp-510752,CuO,Cu,0.5,1.9,1.35,2.0,
mp-704645,CuO,Cu,0.5,1.9,1.35,2.0,
mp-1181499,CuO2,Cu,0.3333,1.9,1.35,2.0,
mp-25378,CuO2,Cu,0.3333,1.9,1.35,2.0,
mp-2933735,CuO2,Cu,0.3333,1.9,1.35,2.0,
mp-504100,CuO2,Cu,0.3333,1.9,1.35,2.0,
mp-600604,CuO2,Cu,0.3333,1.9,1.35,2.0,
mp-601195,CuO2,Cu,0.3333,1.9,1.35,2.0,
mp-614565,CuO2,Cu,0.3333,1.9,1.35,2.0,
mp-654801,CuO2,Cu,0.3333,1.9,1.35,2.0,
mp-705439,CuO2,Cu,0.3333,1.9,1.35,2.0,
mp-1017539,ZnO,Zn,0.5,1.65,1.35,2.0,
mp-1093993,ZnO,Zn,0.5,1.65,1.35,2.0,
mp-1245015,ZnO,Zn,0.5,1.65,1.35,2.0,
mp-1245109,ZnO,Zn,0.5,1.65,1.35,2.0,
mp-1245209,ZnO,Zn,0.5,1.65,1.35,2.0,
mp-1245255,ZnO,Zn,0.5,1.65,1.35,2.0,
mp-13161,ZnO,Zn,0.5,1.65,1.35,2.0,
mp-1986,ZnO,Zn,0.5,1.65,1.35,2.0,
mp-2133,ZnO,Zn,0.5,1.65,1.35,2.0,
mp-2229,ZnO,Zn,0.5,1.65,1.35,2.0,
mp-2346983,ZnO,Zn,0.5,1.65,1.35,2.0,
mp-997630,ZnO,Zn,0.5,1.65,1.35,2.0,
mp-1094003,ZnO2,Zn,0.3333,1.65,1.35,2.0,
mp-1102744,ZnO2,Zn,0.3333,1.65,1.35,2.0,
mp-1178680,ZnO2,Zn,0.3333,1.65,1.35,2.0,
mp-1178720,ZnO2,Zn,0.3333,1.65,1.35,2.0,
mp-1237278,ZnO2,Zn,0.3333,1.65,1.35,2.0,
mp-8484,ZnO2,Zn,0.3333,1.65,1.35,2.0,
mp-1181342,Ga2O3,Ga,0.4,1.81,1.3,3.0,
mp-1243,Ga2O3,Ga,0.4,1.81,1.3,3.0,
mp-1244900,Ga2O3,Ga,0.4,1.81,1.3,3.0,
mp-1244932,Ga2O3,Ga,0.4,1.81,1.3,3.0,
mp-1244938,Ga2O3,Ga,0.4,1.81,1.3,3.0,
mp-1245018,Ga2O3,Ga,0.4,1.81,1.3,3.0,
mp-1245167,Ga2O3,Ga,0.4,1.81,1.3,3.0,
mp-13134,Ga2O3,Ga,0.4,1.81,1.3,3.0,
mp-685090,Ga2O3,Ga,0.4,1.81,1.3,3.0,
mp-886,Ga2O3,Ga,0.4,1.81,1.3,3.0,
mp-1212686,Ga3O5,Ga,0.375,1.81,1.3,3.0,
mp-1212799,Ga4O5,Ga,0.4444,1.81,1.3,3.0,
mp-1183990,GaO,Ga,0.5,1.81,1.3,3.0,
mp-1181290,GaO2,Ga,0.3333,1.81,1.3,3.0,
mp-1212646,GaO2,Ga,0.3333,1.81,1.3,3.0,
mp-1181293,GaO3,Ga,0.25,1.81,1.3,3.0,
mp-1213655,GaO5,Ga,0.1667,1.81,1.3,3.0,
mp-982048,Ge2O3,Ge,0.4,2.01,1.25,4.0,-1.486897
mp-1184665,Ge3O,Ge,0.75,2.01,1.25,4.0,
mp-1224586,Ge5O11,Ge,0.3125,2.01,1.25,4.0,
mp-731900,Ge7O16,Ge,0.3043,2.01,1.25,4.0,
mp-1181291,Ge7O23,Ge,0.2333,2.01,1.25,4.0,
mp-1072104,GeO2,Ge,0.3333,2.01,1.25,4.0,
mp-10913,GeO2,Ge,0.3333,2.01,1.25,4.0,
mp-1190549,GeO2,Ge,0.3333,2.01,1.25,4.0,
mp-20893,GeO2,Ge,0.3333,2.01,1.25,4.0,
mp-223,GeO2,Ge,0.3333,2.01,1.25,4.0,
mp-2633,GeO2,Ge,0.3333,2.01,1.25,4.0,
mp-470,GeO2,Ge,0.3333,2.01,1.25,4.0,
mp-733,GeO2,Ge,0.3333,2.01,1.25,4.0,
mp-7812,GeO2,Ge,0.3333,2.01,1.25,4.0,
mp-685070,Zr19O40,Zr,0.322,1.33,1.55,4.0,
mp-684977,Zr27O49,Zr,0.3553,1.33,1.55,4.0,
mp-10735,Zr2O,Zr,0.6667,1.33,1.55,4.0,
mp-753629,Zr2O,Zr,0.6667,1.33,1.55,4.0,
mp-1017,Zr3O,Zr,0.75,1.33,1.55,4.0,
mp-14024,Zr3O,Zr,0.75,1.33,1.55,4.0,
mp-561418,Zr3O,Zr,0.75,1.33,1.55,4.0,
mp-1215377,Zr4O,Zr,0.8,1.33,1.55,4.0,
mp-761151,Zr6O11,Zr,0.3529,1.33,1.55,4.0,
mp-10197,ZrO,Zr,0.5,1.33,1.55,4.0,
mp-33088,ZrO,Zr,0.5,1.33,1.55,4.0,
mp-1100824,ZrO2,Zr,0.3333,1.33,1.55,4.0,
mp-1190186,ZrO2,Zr,0.3333,1.33,1.55,4.0,
mp-1245318,ZrO2,Zr,0.3333,1.33,1.55,4.0,
mp-1565,ZrO2,Zr,0.3333,1.33,1.55,4.0,
mp-2574,ZrO2,Zr,0.3333,1.33,1.55,4.0,
mp-2858,ZrO2,Zr,0.3333,1.33,1.55,4.0,
mp-556605,ZrO2,Zr,0.3333,1.33,1.55,4.0,
mp-754403,ZrO2,Zr,0.3333,1.33,1.55,4.0,
mp-754741,ZrO2,Zr,0.3333,1.33,1.55,4.0,
mp-755089,ZrO2,Zr,0.3333,1.33,1.55,4.0,
mp-755759,ZrO2,Zr,0.3333,1.33,1.55,4.0,
mp-755769,ZrO2,Zr,0.3333,1.33,1.55,4.0,
mp-775909,ZrO2,Zr,0.3333,1.33,1.55,4.0,
mp-775910,ZrO2,Zr,0.3333,1.33,1.55,4.0,
mp-775935,ZrO2,Zr,0.3333,1.33,1.55,4.0,
mp-775980,ZrO2,Zr,0.3333,1.33,1.55,4.0,
mp-776386,ZrO2,Zr,0.3333,1.33,1.55,4.0,
mp-776404,ZrO2,Zr,0.3333,1.33,1.55,4.0,
mp-776427,ZrO2,Zr,0.3333,1.33,1.55,4.0,
mp-963,ZrO2,Zr,0.3333,1.33,1.55,4.0,
mp-1470,Nb12O29,Nb,0.2927,1.6,1.45,5.0,
mp-510554,Nb12O29,Nb,0.2927,1.6,1.45,5.0,
mp-1095187,Nb2O3,Nb,0.4,1.6,1.45,5.0,-2.572572
mp-10426,Nb2O5,Nb,0.2857,1.6,1.45,5.0,
mp-1101660,Nb2O5,Nb,0.2857,1.6,1.45,5.0,
mp-1201852,Nb2O5,Nb,0.2857,1.6,1.45,5.0,
mp-1364247,Nb2O5,Nb,0.2857,1.6,1.45,5.0,
mp-1595,Nb2O5,Nb,0.2857,1.6,1.45,5.0,
mp-556048,Nb2O5,Nb,0.2857,1.6,1.45,5.0,
mp-581967,Nb2O5,Nb,0.2857,1.6,1.45,5.0,
mp-604,Nb2O5,Nb,0.2857,1.6,1.45,5.0,
mp-680944,Nb2O5,Nb,0.2857,1.6,1.45,5.0,
mp-766361,Nb2O5,Nb,0.2857,1.6,1.45,5.0,
mp-776896,Nb2O5,Nb,0.2857,1.6,1.45,5.0,
mp-28212,Nb4O5,Nb,0.4444,1.6,1.45,5.0,
mp-1232391,Nb4O9,Nb,0.3077,1.6,1.45,5.0,
mp-2311,NbO,Nb,0.5,1.6,1.45,5.0,
mp-2692,NbO,Nb,0.5,1.6,1.45,5.0,
mp-634965,NbO,Nb,0.5,1.6,1.45,5.0,
mp-1244881,NbO2,Nb,0.3333,1.6,1.45,5.0,
mp-1244973,NbO2,Nb,0.3333,1.6,1.45,5.0,
mp-1245189,NbO2,Nb,0.3333,1.6,1.45,5.0,
mp-25214,NbO2,Nb,0.3333,1.6,1.45,5.0,
mp-2533,NbO2,Nb,0.3333,1.6,1.45,5.0,
mp-557057,NbO2,Nb,0.3333,1.6,1.45,5.0,
mp-649729,NbO2,Nb,0.3333,1.6,1.45,5.0,
mp-754698,NbO2,Nb,0.3333,1.6,1.45,5.0,
mp-755690,NbO2,Nb,0.3333,1.6,1.45,5.0,
mp-776975,NbO2,Nb,0.3333,1.6,1.45,5.0,
mp-821,NbO2,Nb,0.3333,1.6,1.45,5.0,
mp-1179977,NbO3,Nb,0.25,1.6,1.45,5.0,-2.459405
mp-1186241,NbO3,Nb,0.25,1.6,1.45,5.0,
mp-1220361,NbO3,Nb,0.25,1.6,1.45,5.0,
mp-1221884,Mo13O33,Mo,0.2826,2.16,1.45,6.0,
mp-285,Mo17O47,Mo,0.2656,2.16,1.45,6.0,
mp-1221492,Mo2O,Mo,0.6667,2.16,1.45,6.0,
mp-1371699,Mo2O3,Mo,0.4,2.16,1.45,6.0,
mp-1043432,Mo2O5,Mo,0.2857,2.16,1.45,6.0,
mp-1409713,Mo2O5,Mo,0.2857,2.16,1.45,6.0,
mp-1412716,Mo2O5,Mo,0.2857,2.16,1.45,6.0,
mp-1180296,Mo2O7,Mo,0.2222,2.16,1.45,6.0,
mp-1180281,Mo3O10,Mo,0.2308,2.16,1.45,6.0,
mp-1180348,Mo3O10,Mo,0.2308,2.16,1.45,6.0,
mp-1044452,Mo3O7,Mo,0.3,2.16,1.45,6.0,
mp-1173004,Mo3O8,Mo,0.2727,2.16,1.45,6.0,
mp-1323723,Mo3O8,Mo,0.2727,2.16,1.45,6.0,
mp-1393345,Mo3O8,Mo,0.2727,2.16,1.45,6.0,
mp-25274,Mo3O8,Mo,0.2727,2.16,1.45,6.0,
mp-715479,Mo3O8,Mo,0.2727,2.16,1.45,6.0,
mp-540786,Mo4O11,Mo,0.2667,2.16,1.45,6.0,
mp-542610,Mo4O11,Mo,0.2667,2.16,1.45,6.0,
mp-558247,Mo4O11,Mo,0.2667,2.16,1.45,6.0,
mp-543061,Mo4O5,Mo,0.4444,2.16,1.45,6.0,
mp-1047895,Mo4O9,Mo,0.3077,2.16,1.45,6.0,
mp-1239172,Mo5O14,Mo,0.2632,2.16,1.45,6.0,
mp-30544,Mo5O14,Mo,0.2632,2.16,1.45,6.0,
mp-1201958,Mo8O23,Mo,0.2581,2.16,1.45,6.0,
mp-2669,Mo8O23,Mo,0.2581,2.16,1.45,6.0,
mp-560190,Mo8O23,Mo,0.2581,2.16,1.45,6.0,
mp-28777,Mo9O25,Mo,0.2647,2.16,1.45,6.0,
mp-27701,Mo9O26,Mo,0.2571,2.16,1.45,6.0,
mp-640818,Mo9O26,Mo,0.2571,2.16,1.45,6.0,
mp-706490,Mo9O26,Mo,0.2571,2.16,1.45,6.0,
mp-1041993,MoO2,Mo,0.3333,2.16,1.45,6.0,
mp-1041997,MoO2,Mo,0.3333,2.16,1.45,6.0,
mp-1047075,MoO2,Mo,0.3333,2.16,1.45,6.0,
mp-1047621,MoO2,Mo,0.3333,2.16,1.45,6.0,
mp-1094123,MoO2,Mo,0.3333,2.16,1.45,6.0,
mp-1351647,MoO2,Mo,0.3333,2.16,1.45,6.0,
mp-1383701,MoO2,Mo,0.3333,2.16,1.45,6.0,
mp-1412175,MoO2,Mo,0.3333,2.16,1.45,6.0,
mp-25349,MoO2,Mo,0.3333,2.16,1.45,6.0,
mp-25427,MoO2,Mo,0.3333,2.16,1.45,6.0,
mp-25571,MoO2,Mo,0.3333,2.16,1.45,6.0,
mp-510536,MoO2,Mo,0.3333,2.16,1.45,6.0,
mp-559140,MoO2,Mo,0.3333,2.16,1.45,6.0,
mp-635966,MoO2,Mo,0.3333,2.16,1.45,6.0,
mp-714883,MoO2,Mo,0.3333,2.16,1.45,6.0,
mp-714969,MoO2,Mo,0.3333,2.16,1.45,6.0,
mp-715482,MoO2,Mo,0.3333,2.16,1.45,6.0,
mp-715550,MoO2,Mo,0.3333,2.16,1.45,6.0,
mp-1244966,MoO3,Mo,0.25,2.16,1.45,6.0,
mp-1245044,MoO3,Mo,0.25,2.16,1.45,6.0,
mp-1245125,MoO3,Mo,0.25,2.16,1.45,6.0,
mp-1245293,MoO3,Mo,0.25,2.16,1.45,6.0,
mp-1369275,MoO3,Mo,0.25,2.16,1.45,6.0,
mp-1393075,MoO3,Mo,0.25,2.16,1.45,6.0,
mp-1396061,MoO3,Mo,0.25,2.16,1.45,6.0,
mp-1445089,MoO3,Mo,0.25,2.16,1.45,6.0,
mp-18856,MoO3,Mo,0.25,2.16,1.45,6.0,
mp-20589,MoO3,Mo,0.25,2.16,1.45,6.0,
mp-2704783,MoO3,Mo,0.25,2.16,1.45,6.0,
mp-562561,MoO3,Mo,0.25,2.16,1.45,6.0,
mp-685156,MoO3,Mo,0.25,2.16,1.45,6.0,
mp-715474,MoO3,Mo,0.25,2.16,1.45,6.0,
mp-715574,MoO3,Mo,0.25,2.16,1.45,6.0,
mp-715584,MoO3,Mo,0.25,2.16,1.45,6.0,
mp-796276,MoO3,Mo,0.25,2.16,1.45,6.0,
mp-1180203,MoO4,Mo,0.2,2.16,1.45,6.0,
mp-1206498,MoO4,Mo,0.2,2.16,1.45,6.0,
mp-1221467,MoO4,Mo,0.2,2.16,1.45,6.0,
mp-1300873,MoO4,Mo,0.2,2.16,1.45,6.0,
mp-1180197,MoO5,Mo,0.1667,2.16,1.45,6.0,
mp-796331,MoO5,Mo,0.1667,2.16,1.45,6.0,
mp-1206688,Sn2O,Sn,0.6667,1.96,1.45,4.0,
mp-1046850,Sn2O3,Sn,0.4,1.96,1.45,4.0,
mp-1104544,Sn3O4,Sn,0.4286,1.96,1.45,4.0,
mp-1179450,Sn3O4,Sn,0.4286,1.96,1.45,4.0,
mp-1219002,Sn3O8,Sn,0.2727,1.96,1.45,4.0,
mp-978114,Sn5O6,Sn,0.4545,1.96,1.45,4.0,
mp-1045856,Sn5O7,Sn,0.4167,1.96,1.45,4.0,
mp-1065811,SnO,Sn,0.5,1.96,1.45,4.0,
mp-1078644,SnO,Sn,0.5,1.96,1.45,4.0,
mp-1245076,SnO,Sn,0.5,1.96,1.45,4.0,
mp-1245115,SnO,Sn,0.5,1.96,1.45,4.0,
mp-1245133,SnO,Sn,0.5,1.96,1.45,4.0,
mp-1245329,SnO,Sn,0.5,1.96,1.45,4.0,
mp-2097,SnO,Sn,0.5,1.96,1.45,4.0,
mp-545552,SnO,Sn,0.5,1.96,1.45,4.0,
mp-545820,SnO,Sn,0.5,1.96,1.45,4.0,
mp-999142,SnO,Sn,0.5,1.96,1.45,4.0,
mp-1041584,SnO2,Sn,0.3333,1.96,1.45,4.0,
mp-1041984,SnO2,Sn,0.3333,1.96,1.45,4.0,
mp-1044721,SnO2,Sn,0.3333,1.96,1.45,4.0,
mp-1047381,SnO2,Sn,0.3333,1.96,1.45,4.0,
mp-1244894,SnO2,Sn,0.3333,1.96,1.45,4.0,
mp-1244935,SnO2,Sn,0.3333,1.96,1.45,4.0,
mp-1244941,SnO2,Sn,0.3333,1.96,1.45,4.0,
mp-1245027,SnO2,Sn,0.3333,1.96,1.45,4.0,
mp-1245116,SnO2,Sn,0.3333,1.96,1.45,4.0,
mp-1245126,SnO2,Sn,0.3333,1.96,1.45,4.0,
mp-1245178,SnO2,Sn,0.3333,1.96,1.45,4.0,
mp-1245203,SnO2,Sn,0.3333,1.96,1.45,4.0,
mp-1245282,SnO2,Sn,0.3333,1.96,1.45,4.0,
mp-12978,SnO2,Sn,0.3333,1.96,1.45,4.0,
mp-12979,SnO2,Sn,0.3333,1.96,1.45,4.0,
mp-1352191,SnO2,Sn,0.3333,1.96,1.45,4.0,
mp-1356217,SnO2,Sn,0.3333,1.96,1.45,4.0,
mp-1359814,SnO2,Sn,0.3333,1.96,1.45,4.0,
mp-1374892,SnO2,Sn,0.3333,1.96,1.45,4.0,
mp-1384340,SnO2,Sn,0.3333,1.96,1.45,4.0,
mp-1390618,SnO2,Sn,0.3333,1.96,1.45,4.0,
mp-1392145,SnO2,Sn,0.3333,1.96,1.45,4.0,
mp-1401382,SnO2,Sn,0.3333,1.96,1.45,4.0,
mp-550172,SnO2,Sn,0.3333,1.96,1.45,4.0,
mp-555487,SnO2,Sn,0.3333,1.96,1.45,4.0,
mp-560417,SnO2,Sn,0.3333,1.96,1.45,4.0,
mp-562610,SnO2,Sn,0.3333,1.96,1.45,4.0,
mp-697,SnO2,Sn,0.3333,1.96,1.45,4.0,
mp-755071,SnO2,Sn,0.3333,1.96,1.45,4.0,
mp-856,SnO2,Sn,0.3333,1.96,1.45,4.0,
mp-27732,W10O29,W,0.2564,2.36,1.35,6.0,
mp-1191069,W11O12,W,0.4783,2.36,1.35,6.0,
mp-1179615,W17O47,W,0.2656,2.36,1.35,6.0,
mp-1179617,W17O47,W,0.2656,2.36,1.35,6.0,
mp-1197770,W17O47,W,0.2656,2.36,1.35,6.0,
mp-907,W18O49,W,0.2687,2.36,1.35,6.0,
mp-649605,W25O73,W,0.2551,2.36,1.35,6.0,
mp-1372094,W2O3,W,0.4,2.36,1.35,6.0,
mp-1043494,W2O5,W,0.2857,2.36,1.35,6.0,
mp-1216302,W2O5,W,0.2857,2.36,1.35,6.0,
mp-1392923,W2O5,W,0.2857,2.36,1.35,6.0,
mp-1394209,W2O5,W,0.2857,2.36,1.35,6.0,
mp-1178760,W2O7,W,0.2222,2.36,1.35,6.0,
mp-825919,W2O7,W,0.2222,2.36,1.35,6.0,
mp-21369,W3O,W,0.75,2.36,1.35,6.0,
mp-826017,W3O10,W,0.2308,2.36,1.35,6.0,
mp-826025,W3O10,W,0.2308,2.36,1.35,6.0,
mp-1044534,W3O7,W,0.3,2.36,1.35,6.0,
mp-1041679,W3O8,W,0.2727,2.36,1.35,6.0,
mp-1042656,W3O8,W,0.2727,2.36,1.35,6.0,
mp-1042978,W3O8,W,0.2727,2.36,1.35,6.0,
mp-1404844,W3O8,W,0.2727,2.36,1.35,6.0,
mp-19066,W3O8,W,0.2727,2.36,1.35,6.0,
mp-555619,W3O8,W,0.2727,2.36,1.35,6.0,
mp-715557,W3O8,W,0.2727,2.36,1.35,6.0,
mp-1048022,W4O9,W,0.3077,2.36,1.35,6.0,
mp-705284,W5O14,W,0.2632,2.36,1.35,6.0,
mp-1345171,W5O7,W,0.4167,2.36,1.35,6.0,
mp-560362,W8O21,W,0.2759,2.36,1.35,6.0,
mp-1342882,W9O13,W,0.4091,2.36,1.35,6.0,
mp-1040834,WO2,W,0.3333,2.36,1.35,6.0,
mp-1041282,WO2,W,0.3333,2.36,1.35,6.0,
mp-1042291,WO2,W,0.3333,2.36,1.35,6.0,
mp-1047232,WO2,W,0.3333,2.36,1.35,6.0,
mp-1047616,WO2,W,0.3333,2.36,1.35,6.0,
mp-1244880,WO2,W,0.3333,2.36,1.35,6.0,
mp-1245020,WO2,W,0.3333,2.36,1.35,6.0,
mp-1245077,WO2,W,0.3333,2.36,1.35,6.0,
mp-1245102,WO2,W,0.3333,2.36,1.35,6.0,
mp-1245227,WO2,W,0.3333,2.36,1.35,6.0,
mp-1245271,WO2,W,0.3333,2.36,1.35,6.0,
mp-1350563,WO2,W,0.3333,2.36,1.35,6.0,
mp-1380432,WO2,W,0.3333,2.36,1.35,6.0,
mp-1403606,WO2,W,0.3333,2.36,1.35,6.0,
mp-1445593,WO2,W,0.3333,2.36,1.35,6.0,
mp-1524394,WO2,W,0.3333,2.36,1.35,6.0,
mp-19372,WO2,W,0.3333,2.36,1.35,6.0,
mp-25375,WO2,W,0.3333,2.36,1.35,6.0,
mp-504110,WO2,W,0.3333,2.36,1.35,6.0,
mp-616585,WO2,W,0.3333,2.36,1.35,6.0,
mp-1172828,WO3,W,0.25,2.36,1.35,6.0,
mp-1191364,WO3,W,0.25,2.36,1.35,6.0,
mp-1197857,WO3,W,0.25,2.36,1.35,6.0,
mp-1244906,WO3,W,0.25,2.36,1.35,6.0,
mp-1244929,WO3,W,0.25,2.36,1.35,6.0,
mp-1245182,WO3,W,0.25,2.36,1.35,6.0,
mp-1245267,WO3,W,0.25,2.36,1.35,6.0,
mp-1245268,WO3,W,0.25,2.36,1.35,6.0,
mp-1330336,WO3,W,0.25,2.36,1.35,6.0,
mp-1386422,WO3,W,0.25,2.36,1.35,6.0,
mp-1396391,WO3,W,0.25,2.36,1.35,6.0,
mp-1408708,WO3,W,0.25,2.36,1.35,6.0,
mp-18773,WO3,W,0.25,2.36,1.35,6.0,
mp-19033,WO3,W,0.25,2.36,1.35,6.0,
mp-19342,WO3,W,0.25,2.36,1.35,6.0,
mp-19390,WO3,W,0.25,2.36,1.35,6.0,
mp-19443,WO3,W,0.25,2.36,1.35,6.0,
mp-2235359,WO3,W,0.25,2.36,1.35,6.0,
mp-2285488,WO3,W,0.25,2.36,1.35,6.0,
mp-2383052,WO3,W,0.25,2.36,1.35,6.0,
mp-2383161,WO3,W,0.25,2.36,1.35,6.0,
mp-2486616,WO3,W,0.25,2.36,1.35,6.0,
mp-2526683,WO3,W,0.25,2.36,1.35,6.0,
mp-2928451,WO3,W,0.25,2.36,1.35,6.0,
mp-32662,WO3,W,0.25,2.36,1.35,6.0,
mp-32777,WO3,W,0.25,2.36,1.35,6.0,
mp-510417,WO3,W,0.25,2.36,1.35,6.0,
mp-545665,WO3,W,0.25,2.36,1.35,6.0,
mp-553964,WO3,W,0.25,2.36,1.35,6.0,
mp-559122,WO3,W,0.25,2.36,1.35,6.0,
mp-566278,WO3,W,0.25,2.36,1.35,6.0,
mp-619461,WO3,W,0.25,2.36,1.35,6.0,
mp-636148,WO3,W,0.25,2.36,1.35,6.0,
mp-636284,WO3,W,0.25,2.36,1.35,6.0,
mp-675211,WO3,W,0.25,2.36,1.35,6.0,
mp-690346,WO3,W,0.25,2.36,1.35,6.0,
mp-715923,WO3,W,0.25,2.36,1.35,6.0,
mp-733506,WO3,W,0.25,2.36,1.35,6.0,
mp-756478,WO3,W,0.25,2.36,1.35,6.0,
mp-825726,WO3,W,0.25,2.36,1.35,6.0,
mp-826026,WO3,W,0.25,2.36,1.35,6.0,
mp-1201934,WO4,W,0.2,2.36,1.35,6.0,
mp-1095323,WO5,W,0.1667,2.36,1.35,6.0,
mp-1178865,WO5,W,0.1667,2.36,1.35,6.0,
mp-731362,WO5,W,0.1667,2.36,1.35,6.0,
mp-796339,WO5,W,0.1667,2.36,1.35,6.0,
mp-1229215,Al11O18,Al,0.3793,1.61,1.25,3.0,
mp-1245110,Al2O,Al,0.6667,1.61,1.25,3.0,
mp-1245215,Al2O,Al,0.6667,1.61,1.25,3.0,
mp-8022,Al2O,Al,0.6667,1.61,1.25,3.0,
mp-1105018,Al2O3,Al,0.4,1.61,1.25,3.0,-2.555878
mp-1143,Al2O3,Al,0.4,1.61,1.25,3.0,-3.426551
mp-1182923,Al2O3,Al,0.4,1.61,1.25,3.0,-3.33063
mp-1228448,Al2O3,Al,0.4,1.61,1.25,3.0,
mp-1244868,Al2O3,Al,0.4,1.61,1.25,3.0,
mp-1244874,Al2O3,Al,0.4,1.61,1.25,3.0,
mp-1244878,Al2O3,Al,0.4,1.61,1.25,3.0,
mp-1244887,Al2O3,Al,0.4,1.61,1.25,3.0,
mp-1244892,Al2O3,Al,0.4,1.61,1.25,3.0,
mp-1244898,Al2O3,Al,0.4,1.61,1.25,3.0,
mp-1244909,Al2O3,Al,0.4,1.61,1.25,3.0,-3.255089
mp-1244918,Al2O3,Al,0.4,1.61,1.25,3.0,
mp-1244928,Al2O3,Al,0.4,1.61,1.25,3.0,
mp-1244930,Al2O3,Al,0.4,1.61,1.25,3.0,
mp-1244937,Al2O3,Al,0.4,1.61,1.25,3.0,
mp-1244940,Al2O3,Al,0.4,1.61,1.25,3.0,
mp-1244947,Al2O3,Al,0.4,1.61,1.25,3.0,
mp-1244954,Al2O3,Al,0.4,1.61,1.25,3.0,
mp-1244967,Al2O3,Al,0.4,1.61,1.25,3.0,
mp-1244970,Al2O3,Al,0.4,1.61,1.25,3.0,
mp-1244981,Al2O3,Al,0.4,1.61,1.25,3.0,
mp-1244982,Al2O3,Al,0.4,1.61,1.25,3.0,
mp-1244992,Al2O3,Al,0.4,1.61,1.25,3.0,
mp-1244994,Al2O3,Al,0.4,1.61,1.25,3.0,
mp-1244997,Al2O3,Al,0.4,1.61,1.25,3.0,
mp-1245008,Al2O3,Al,0.4,1.61,1.25,3.0,
mp-1245023,Al2O3,Al,0.4,1.61,1.25,3.0,
mp-1245024,Al2O3,Al,0.4,1.61,1.25,3.0,
mp-1245036,Al2O3,Al,0.4,1.61,1.25,3.0,
mp-1245037,Al2O3,Al,0.4,1.61,1.25,3.0,
mp-1245043,Al2O3,Al,0.4,1.61,1.25,3.0,
mp-1245052,Al2O3,Al,0.4,1.61,1.25,3.0,
mp-1245055,Al2O3,Al,0.4,1.61,1.25,3.0,
mp-1245056,Al2O3,Al,0.4,1.61,1.25,3.0,
mp-1245063,Al2O3,Al,0.4,1.61,1.25,3.0,
mp-1245065,Al2O3,Al,0.4,1.61,1.25,3.0,
mp-1245080,Al2O3,Al,0.4,1.61,1.25,3.0,
mp-1245081,Al2O3,Al,0.4,1.61,1.25,3.0,
mp-1245104,Al2O3,Al,0.4,1.61,1.25,3.0,
mp-1245111,Al2O3,Al,0.4,1.61,1.25,3.0,
mp-1245173,Al2O3,Al,0.4,1.61,1.25,3.0,
mp-1245183,Al2O3,Al,0.4,1.61,1.25,3.0,
mp-1245191,Al2O3,Al,0.4,1.61,1.25,3.0,
mp-1245196,Al2O3,Al,0.4,1.61,1.25,3.0,
mp-1245211,Al2O3,Al,0.4,1.61,1.25,3.0,
mp-1245234,Al2O3,Al,0.4,1.61,1.25,3.0,
mp-1245237,Al2O3,Al,0.4,1.61,1.25,3.0,
mp-1245251,Al2O3,Al,0.4,1.61,1.25,3.0,
mp-1245254,Al2O3,Al,0.4,1.61,1.25,3.0,
mp-1245262,Al2O3,Al,0.4,1.61,1.25,3.0,
mp-1245265,Al2O3,Al,0.4,1.61,1.25,3.0,
mp-1245279,Al2O3,Al,0.4,1.61,1.25,3.0,
mp-1245323,Al2O3,Al,0.4,1.61,1.25,3.0,
mp-1247839,Al2O3,Al,0.4,1.61,1.25,3.0,
mp-1247845,Al2O3,Al,0.4,1.61,1.25,3.0,
mp-1247846,Al2O3,Al,0.4,1.61,1.25,3.0,
mp-1247880,Al2O3,Al,0.4,1.61,1.25,3.0,
mp-1247896,Al2O3,Al,0.4,1.61,1.25,3.0,
mp-1247899,Al2O3,Al,0.4,1.61,1.25,3.0,
mp-1247914,Al2O3,Al,0.4,1.61,1.25,3.0,
mp-1359927,Al2O3,Al,0.4,1.61,1.25,3.0,
mp-1938,Al2O3,Al,0.4,1.61,1.25,3.0,
mp-2254,Al2O3,Al,0.4,1.61,1.25,3.0,
mp-2352722,Al2O3,Al,0.4,1.61,1.25,3.0,
mp-2637304,Al2O3,Al,0.4,1.61,1.25,3.0,
mp-32570,Al2O3,Al,0.4,1.61,1.25,3.0,
mp-32591,Al2O3,Al,0.4,1.61,1.25,3.0,
mp-638765,Al2O3,Al,0.4,1.61,1.25,3.0,
mp-642363,Al2O3,Al,0.4,1.61,1.25,3.0,
mp-684591,Al2O3,Al,0.4,1.61,1.25,3.0,
mp-684677,Al2O3,Al,0.4,1.61,1.25,3.0,
mp-684713,Al2O3,Al,0.4,1.61,1.25,3.0,
mp-684990,Al2O3,Al,0.4,1.61,1.25,3.0,
mp-685036,Al2O3,Al,0.4,1.61,1.25,3.0,
mp-7048,Al2O3,Al,0.4,1.61,1.25,3.0,
mp-723985,Al2O3,Al,0.4,1.61,1.25,3.0,
mp-752826,Al2O3,Al,0.4,1.61,1.25,3.0,
mp-754401,Al2O3,Al,0.4,1.61,1.25,3.0,
mp-754531,Al2O3,Al,0.4,1.61,1.25,3.0,
mp-754624,Al2O3,Al,0.4,1.61,1.25,3.0,
mp-754812,Al2O3,Al,0.4,1.61,1.25,3.0,
mp-755066,Al2O3,Al,0.4,1.61,1.25,3.0,
mp-755175,Al2O3,Al,0.4,1.61,1.25,3.0,
mp-755483,Al2O3,Al,0.4,1.61,1.25,3.0,
mp-759943,Al2O3,Al,0.4,1.61,1.25,3.0,
mp-776475,Al2O3,Al,0.4,1.61,1.25,3.0,
mp-776490,Al2O3,Al,0.4,1.61,1.25,3.0,
mp-782035,Al2O3,Al,0.4,1.61,1.25,3.0,
mp-985587,Al2O3,Al,0.4,1.61,1.25,3.0,
mp-1245113,Al38O21,Al,0.6441,1.61,1.25,3.0,
mp-1245250,Al38O21,Al,0.6441,1.61,1.25,3.0,
mp-1182893,Al5O8,Al,0.3846,1.61,1.25,3.0,
mp-1228138,Al5O8,Al,0.3846,1.61,1.25,3.0,
mp-1244893,Al8O3,Al,0.7273,1.61,1.25,3.0,
mp-8023,AlO,Al,0.5,1.61,1.25,3.0,-1.552116
mp-1096799,AlO2,Al,0.3333,1.61,1.25,3.0,-2.560203
mp-1182858,AlO2,Al,0.3333,1.61,1.25,3.0,
mp-1182869,AlO2,Al,0.3333,1.61,1.25,3.0,
mp-1182900,AlO2,Al,0.3333,1.61,1.25,3.0,
mp-734251,AlO2,Al,0.3333,1.61,1.25,3.0,
mp-1182868,AlO3,Al,0.25,1.61,1.25,3.0,
mp-1182877,AlO3,Al,0.25,1.61,1.25,3.0,
mp-1182886,AlO3,Al,0.25,1.61,1.25,3.0,
mp-1182887,AlO3,Al,0.25,1.61,1.25,3.0,
mp-1182911,AlO3,Al,0.25,1.61,1.25,3.0,
mp-1182915,AlO3,Al,0.25,1.61,1.25,3.0,
mp-1205393,AlO3,Al,0.25,1.61,1.25,3.0,
mp-1253219,AlO3,Al,0.25,1.61,1.25,3.0,
mp-2646975,AlO3,Al,0.25,1.61,1.25,3.0,
mp-35200,AlO3,Al,0.25,1.61,1.25,3.0,
mp-1009127,MgO,Mg,0.5,1.31,1.5,2.0,
mp-1009129,MgO,Mg,0.5,1.31,1.5,2.0,
mp-1065577,MgO,Mg,0.5,1.31,1.5,2.0,
mp-1101930,MgO,Mg,0.5,1.31,1.5,2.0,
mp-1180312,MgO,Mg,0.5,1.31,1.5,2.0,
mp-1180973,MgO,Mg,0.5,1.31,1.5,2.0,
mp-1190533,MgO,Mg,0.5,1.31,1.5,2.0,
mp-1190649,MgO,Mg,0.5,1.31,1.5,2.0,
mp-1191789,MgO,Mg,0.5,1.31,1.5,2.0,
mp-1192043,MgO,Mg,0.5,1.31,1.5,2.0,
mp-1192189,MgO,Mg,0.5,1.31,1.5,2.0,
mp-1244962,MgO,Mg,0.5,1.31,1.5,2.0,
mp-1245039,MgO,Mg,0.5,1.31,1.5,2.0,
mp-1245045,MgO,Mg,0.5,1.31,1.5,2.0,
mp-1245128,MgO,Mg,0.5,1.31,1.5,2.0,
mp-1245143,MgO,Mg,0.5,1.31,1.5,2.0,
mp-1245157,MgO,Mg,0.5,1.31,1.5,2.0,
mp-1245195,MgO,Mg,0.5,1.31,1.5,2.0,
mp-1245232,MgO,Mg,0.5,1.31,1.5,2.0,
mp-1265,MgO,Mg,0.5,1.31,1.5,2.0,
mp-549706,MgO,Mg,0.5,1.31,1.5,2.0,
mp-775808,MgO,Mg,0.5,1.31,1.5,2.0,
mp-776911,MgO,Mg,0.5,1.31,1.5,2.0,
mp-1096803,MgO2,Mg,0.3333,1.31,1.5,2.0,-1.485111
mp-1180260,MgO2,Mg,0.3333,1.31,1.5,2.0,
mp-1180271,MgO2,Mg,0.3333,1.31,1.5,2.0,
mp-1245393,MgO2,Mg,0.3333,1.31,1.5,2.0,
mp-2589,MgO2,Mg,0.3333,1.31,1.5,2.0,
mp-1120811,Ca2O3,Ca,0.4,1,1.8,2.0,
mp-1064492,CaO,Ca,0.5,1,1.8,2.0,
mp-1079707,CaO,Ca,0.5,1,1.8,2.0,
mp-1181903,CaO,Ca,0.5,1,1.8,2.0,
mp-1244902,CaO,Ca,0.5,1,1.8,2.0,
mp-1245200,CaO,Ca,0.5,1,1.8,2.0,
mp-1245305,CaO,Ca,0.5,1,1.8,2.0,
mp-2605,CaO,Ca,0.5,1,1.8,2.0,
mp-545512,CaO,Ca,0.5,1,1.8,2.0,
mp-1182183,CaO10,Ca,0.0909,1,1.8,2.0,
mp-1182382,CaO10,Ca,0.0909,1,1.8,2.0,
mp-1062228,CaO2,Ca,0.3333,1,1.8,2.0,
mp-1095665,CaO2,Ca,0.3333,1,1.8,2.0,
mp-1181909,CaO2,Ca,0.3333,1,1.8,2.0,
mp-634859,CaO2,Ca,0.3333,1,1.8,2.0,
