x_fraction,mean_eneg,mean_radius,max_oxid,formation_energy_per_atom
0.4762,1.54,1.4,4.0,-2.856115
0.4348,1.54,1.4,4.0,-3.137637
0.44,1.54,1.4,4.0,-3.097261
0.44,1.54,1.4,4.0,
0.44,1.54,1.4,4.0,
0.3793,1.54,1.4,4.0,-3.34913
0.3714,1.54,1.4,4.0,-3.379983
0.3878,1.54,1.4,4.0,-3.330664
0.6667,1.54,1.4,4.0,
0.6667,1.54,1.4,4.0,
0.6667,1.54,1.4,4.0,
0.6667,1.54,1.4,4.0,
0.6667,1.54,1.4,4.0,
0.6667,1.54,1.4,4.0,
0.6667,1.54,1.4,4.0,
0.4,1.54,1.4,4.0,
0.4,1.54,1.4,4.0,
0.4,1.54,1.4,4.0,
0.4,1.54,1.4,4.0,
0.4,1.54,1.4,4.0,
0.4,1.54,1.4,4.0,
0.4,1.54,1.4,4.0,
0.2222,1.54,1.4,4.0,
0.75,1.54,1.4,4.0,
0.75,1.54,1.4,4.0,
0.75,1.54,1.4,4.0,
0.75,1.54,1.4,4.0,
0.75,1.54,1.4,4.0,
0.75,1.54,1.4,4.0,
0.6,1.54,1.4,4.0,
0.4286,1.54,1.4,4.0,
0.4286,1.54,1.4,4.0,
0.375,1.54,1.4,4.0,
0.375,1.54,1.4,4.0,
0.375,1.54,1.4,4.0,
0.375,1.54,1.4,4.0,
0.375,1.54,1.4,4.0,
0.375,1.54,1.4,4.0,
0.375,1.54,1.4,4.0,
0.375,1.54,1.4,4.0,
0.375,1.54,1.4,4.0,
0.3,1.54,1.4,4.0,
0.3,1.54,1.4,4.0,
0.3,1.54,1.4,4.0,
0.2727,1.54,1.4,4.0,
0.5714,1.54,1.4,4.0,
0.4444,1.54,1.4,4.0,
0.3636,1.54,1.4,4.0,
0.3636,1.54,1.4,4.0,
0.4167,1.54,1.4,4.0,
0.3846,1.54,1.4,4.0,
0.3571,1.54,1.4,4.0,-3.42532
0.8571,1.54,1.4,4.0,
0.8571,1.54,1.4,4.0,
0.3529,1.54,1.4,4.0,
0.3529,1.54,1.4,4.0,
0.35,1.54,1.4,4.0,
0.4667,1.54,1.4,4.0,
0.381,1.54,1.4,4.0,
0.3478,1.54,1.4,4.0,
0.4737,1.54,1.4,4.0,
0.4737,1.54,1.4,4.0,
0.4091,1.54,1.4,4.0,
0.3462,1.54,1.4,4.0,
0.5294,1.54,1.4,4.0,
0.5,1.54,1.4,4.0,
0.5,1.54,1.4,4.0,
0.5,1.54,1.4,4.0,
0.5,1.54,1.4,4.0,
0.5,1.54,1.4,4.0,
0.5,1.54,1.4,4.0,
0.5,1.54,1.4,4.0,
0.5,1.54,1.4,4.0,
0.5,1.54,1.4,4.0,
0.5,1.54,1.4,4.0,
0.5,1.54,1.4,4.0,
0.5,1.54,1.4,4.0,
0.5,1.54,1.4,4.0,
0.3333,1.54,1.4,4.0,-3.199731
0.3333,1.54,1.4,4.0,
0.3333,1.54,1.4,4.0,
0.3333,1.54,1.4,4.0,
0.3333,1.54,1.4,4.0,
0.3333,1.54,1.4,4.0,
0.3333,1.54,1.4,4.0,
0.3333,1.54,1.4,4.0,
0.3333,1.54,1.4,4.0,
0.3333,1.54,1.4,4.0,
0.3333,1.54,1.4,4.0,
0.3333,1.54,1.4,4.0,
0.3333,1.54,1.4,4.0,
0.3333,1.54,1.4,4.0,
0.3333,1.54,1.4,4.0,
0.3333,1.54,1.4,4.0,
0.3333,1.54,1.4,4.0,
0.3333,1.54,1.4,4.0,
0.3333,1.54,1.4,4.0,
0.3333,1.54,1.4,4.0,
0.3333,1.54,1.4,4.0,
0.3333,1.54,1.4,4.0,
0.3333,1.54,1.4,4.0,
0.3333,1.54,1.4,4.0,
0.3333,1.54,1.4,4.0,
0.3333,1.54,1.4,4.0,
0.3333,1.54,1.4,4.0,
0.3333,1.54,1.4,4.0,
0.3333,1.54,1.4,4.0,
0.3333,1.54,1.4,4.0,
0.3333,1.54,1.4,4.0,
0.3333,1.54,1.4,4.0,
0.3333,1.54,1.4,4.0,
0.3333,1.54,1.4,4.0,
0.3333,1.54,1.4,4.0,
0.3333,1.54,1.4,4.0,
0.3333,1.54,1.4,4.0,
0.3333,1.54,1.4,4.0,
0.3333,1.54,1.4,4.0,
0.3333,1.54,1.4,4.0,
0.3333,1.54,1.4,4.0,
0.3333,1.54,1.4,4.0,
0.3333,1.54,1.4,4.0,
0.3333,1.54,1.4,4.0,
0.3333,1.54,1.4,4.0,
0.3333,1.54,1.4,4.0,
0.5263,1.63,1.35,5.0,
0.2927,1.63,1.35,5.0,
0.4483,1.63,1.35,5.0,
0.8421,1.63,1.35,5.0,
0.4386,1.63,1.35,5.0,
0.4,1.63,1.35,5.0,
0.4,1.63,1.35,5.0,
0.4,1.63,1.35,5.0,
0.4,1.63,1.35,5.0,
0.4,1.63,1.35,5.0,
0.4,1.63,1.35,5.0,
0.4,1.63,1.35,5.0,
0.4,1.63,1.35,5.0,
0.4,1.63,1.35,5.0,
0.4,1.63,1.35,5.0,
0.4,1.63,1.35,5.0,
0.4,1.63,1.35,5.0,
0.4,1.63,1.35,5.0,
0.4,1.63,1.35,5.0,
0.2857,1.63,1.35,5.0,
0.2857,1.63,1.35,5.0,
0.2857,1.63,1.35,5.0,
0.2857,1.63,1.35,5.0,
0.2857,1.63,1.35,5.0,
0.2857,1.63,1.35,5.0,
0.2857,1.63,1.35,5.0,
0.2857,1.63,1.35,5.0,
0.2857,1.63,1.35,5.0,
0.2857,1.63,1.35,5.0,
0.2857,1.63,1.35,5.0,
0.2857,1.63,1.35,5.0,
0.2857,1.63,1.35,5.0,
0.2857,1.63,1.35,5.0,
0.2857,1.63,1.35,5.0,
0.2857,1.63,1.35,5.0,
0.2857,1.63,1.35,5.0,
0.2857,1.63,1.35,5.0,
0.2857,1.63,1.35,5.0,
0.2857,1.63,1.35,5.0,
0.2857,1.63,1.35,5.0,
0.2857,1.63,1.35,5.0,
0.2857,1.63,1.35,5.0,
0.2857,1.63,1.35,5.0,
0.2857,1.63,1.35,5.0,
0.2857,1.63,1.35,5.0,
0.2857,1.63,1.35,5.0,
0.2857,1.63,1.35,5.0,
0.2857,1.63,1.35,5.0,
0.2857,1.63,1.35,5.0,
0.2857,1.63,1.35,5.0,
0.2857,1.63,1.35,5.0,
0.2857,1.63,1.35,5.0,
0.2857,1.63,1.35,5.0,
0.2857,1.63,1.35,5.0,
0.2857,1.63,1.35,5.0,
0.2857,1.63,1.35,5.0,
0.2857,1.63,1.35,5.0,
0.2857,1.63,1.35,5.0,
0.2857,1.63,1.35,5.0,
0.2857,1.63,1.35,5.0,
0.2857,1.63,1.35,5.0,
0.2857,1.63,1.35,5.0,
0.2857,1.63,1.35,5.0,
0.2857,1.63,1.35,5.0,
0.2857,1.63,1.35,5.0,
0.2857,1.63,1.35,5.0,
0.2857,1.63,1.35,5.0,
0.2857,1.63,1.35,5.0,
0.2857,1.63,1.35,5.0,
0.2857,1.63,1.35,5.0,
0.2857,1.63,1.35,5.0,
0.2857,1.63,1.35,5.0,
0.2857,1.63,1.35,5.0,
0.2857,1.63,1.35,5.0,
0.2857,1.63,1.35,5.0,
0.2857,1.63,1.35,5.0,
0.2857,1.63,1.35,5.0,
0.2308,1.63,1.35,5.0,
0.375,1.63,1.35,5.0,
0.375,1.63,1.35,5.0,
0.375,1.63,1.35,5.0,
0.375,1.63,1.35,5.0,
0.375,1.63,1.35,5.0,
0.3,1.63,1.35,5.0,
0.3,1.63,1.35,5.0,
0.3,1.63,1.35,5.0,
0.3,1.63,1.35,5.0,
0.3,1.63,1.35,5.0,
0.2727,1.63,1.35,5.0,
0.2727,1.63,1.35,5.0,
0.2727,1.63,1.35,5.0,
0.2727,1.63,1.35,5.0,
0.2727,1.63,1.35,5.0,
0.2727,1.63,1.35,5.0,
0.2727,1.63,1.35,5.0,
0.3636,1.63,1.35,5.0,
0.3636,1.63,1.35,5.0,
0.3636,1.63,1.35,5.0,
0.3636,1.63,1.35,5.0,
0.3636,1.63,1.35,5.0,
0.3636,1.63,1.35,5.0,
0.3636,1.63,1.35,5.0,
0.3636,1.63,1.35,5.0,
0.3077,1.63,1.35,5.0,
0.3077,1.63,1.35,5.0,
0.3077,1.63,1.35,5.0,
0.2941,1.63,1.35,5.0,-2.234867
0.2941,1.63,1.35,5.0,
0.2941,1.63,1.35,5.0,
0.2941,1.63,1.35,5.0,
0.2941,1.63,1.35,5.0,
0.2632,1.63,1.35,5.0,
0.4167,1.63,1.35,5.0,
0.3571,1.63,1.35,5.0,
0.3571,1.63,1.35,5.0,
0.3529,1.63,1.35,5.0,
0.3529,1.63,1.35,5.0,
0.3158,1.63,1.35,5.0,
0.3158,1.63,1.35,5.0,
0.3158,1.63,1.35,5.0,
0.3158,1.63,1.35,5.0,
0.3158,1.63,1.35,5.0,
0.3158,1.63,1.35,5.0,
0.3158,1.63,1.35,5.0,
0.3158,1.63,1.35,5.0,
0.35,1.63,1.35,5.0,
0.35,1.63,1.35,5.0,
0.7,1.63,1.35,5.0,
0.7,1.63,1.35,5.0,
0.6364,1.63,1.35,5.0,
0.8889,1.63,1.35,5.0,
0.3478,1.63,1.35,5.0,
0.4091,1.63,1.35,5.0,
0.3462,1.63,1.35,5.0,
0.3462,1.63,1.35,5.0,
0.3103,1.63,1.35,5.0,
0.2903,1.63,1.35,5.0,
0.2903,1.63,1.35,5.0,
0.2903,1.63,1.35,5.0,
0.5,1.63,1.35,5.0,
0.5,1.63,1.35,5.0,
0.5,1.63,1.35,5.0,
0.5,1.63,1.35,5.0,
0.3333,1.63,1.35,5.0,
0.3333,1.63,1.35,5.0,
0.3333,1.63,1.35,5.0,
0.3333,1.63,1.35,5.0,
0.3333,1.63,1.35,5.0,
0.3333,1.63,1.35,5.0,
0.3333,1.63,1.35,5.0,
0.3333,1.63,1.35,5.0,
0.3333,1.63,1.35,5.0,
0.3333,1.63,1.35,5.0,
0.3333,1.63,1.35,5.0,
0.3333,1.63,1.35,5.0,
0.3333,1.63,1.35,5.0,
0.3333,1.63,1.35,5.0,
0.3333,1.63,1.35,5.0,
0.3333,1.63,1.35,5.0,
0.3333,1.63,1.35,5.0,
0.3333,1.63,1.35,5.0,
0.3333,1.63,1.35,5.0,
0.3333,1.63,1.35,5.0,
0.3333,1.63,1.35,5.0,
0.3333,1.63,1.35,5.0,
0.3333,1.63,1.35,5.0,
0.3333,1.63,1.35,5.0,
0.3333,1.63,1.35,5.0,
0.3333,1.63,1.35,5.0,
0.3333,1.63,1.35,5.0,
0.3333,1.63,1.35,5.0,
0.3333,1.63,1.35,5.0,
0.3333,1.63,1.35,5.0,
0.3333,1.63,1.35,5.0,
0.3333,1.63,1.35,5.0,
0.3333,1.63,1.35,5.0,
0.3333,1.63,1.35,5.0,
0.3333,1.63,1.35,5.0,
0.3333,1.63,1.35,5.0,
0.3333,1.63,1.35,5.0,
0.3333,1.63,1.35,5.0,
0.3333,1.63,1.35,5.0,
0.3333,1.63,1.35,5.0,
0.3333,1.63,1.35,5.0,
0.3333,1.63,1.35,5.0,
0.3333,1.63,1.35,5.0,
0.3333,1.63,1.35,5.0,
0.3333,1.63,1.35,5.0,
0.3333,1.63,1.35,5.0,
0.3333,1.63,1.35,5.0,
0.3333,1.63,1.35,5.0,
0.3333,1.63,1.35,5.0,
0.3333,1.63,1.35,5.0,
0.3333,1.63,1.35,5.0,
0.3333,1.63,1.35,5.0,
0.3333,1.63,1.35,5.0,
0.3333,1.63,1.35,5.0,
0.3333,1.63,1.35,5.0,
0.3333,1.63,1.35,5.0,
0.3333,1.63,1.35,5.0,
0.3333,1.63,1.35,5.0,
0.3333,1.63,1.35,5.0,
0.3333,1.63,1.35,5.0,
0.3333,1.63,1.35,5.0,
0.3333,1.63,1.35,5.0,
0.25,1.63,1.35,5.0,
0.25,1.63,1.35,5.0,
0.25,1.63,1.35,5.0,
0.25,1.63,1.35,5.0,
0.2836,1.66,1.4,6.0,
0.2836,1.66,1.4,6.0,
0.6667,1.66,1.4,6.0,
0.4,1.66,1.4,6.0,
0.4,1.66,1.4,6.0,
0.4,1.66,1.4,6.0,
0.4,1.66,1.4,6.0,
0.4,1.66,1.4,6.0,
0.4,1.66,1.4,6.0,
0.4,1.66,1.4,6.0,
0.4,1.66,1.4,6.0,
0.4,1.66,1.4,6.0,
0.4,1.66,1.4,6.0,
0.4,1.66,1.4,6.0,
0.4,1.66,1.4,6.0,
0.4,1.66,1.4,6.0,
0.4,1.66,1.4,6.0,
0.2857,1.66,1.4,6.0,
0.2857,1.66,1.4,6.0,
0.2857,1.66,1.4,6.0,
0.2857,1.66,1.4,6.0,
0.75,1.66,1.4,6.0,
0.75,1.66,1.4,6.0,
0.4286,1.66,1.4,6.0,
0.4286,1.66,1.4,6.0,
0.375,1.66,1.4,6.0,
0.3,1.66,1.4,6.0,
0.2727,1.66,1.4,6.0,
0.2727,1.66,1.4,6.0,
0.2727,1.66,1.4,6.0,
0.2727,1.66,1.4,6.0,
0.2727,1.66,1.4,6.0,
0.2727,1.66,1.4,6.0,
0.2105,1.66,1.4,6.0,
0.3077,1.66,1.4,6.0,
0.2941,1.66,1.4,6.0,
0.2941,1.66,1.4,6.0,
0.4167,1.66,1.4,6.0,
0.3529,1.66,1.4,6.0,
0.2759,1.66,1.4,6.0,
0.2759,1.66,1.4,6.0,
0.2759,1.66,1.4,6.0,
0.2759,1.66,1.4,6.0,
0.4091,1.66,1.4,6.0,
0.5,1.66,1.4,6.0,
0.5,1.66,1.4,6.0,
0.5,1.66,1.4,6.0,
0.5,1.66,1.4,6.0,
0.5,1.66,1.4,6.0,
0.5,1.66,1.4,6.0,
0.5,1.66,1.4,6.0,
0.5,1.66,1.4,6.0,
0.5,1.66,1.4,6.0,
0.5,1.66,1.4,6.0,
0.5,1.66,1.4,6.0,
0.3333,1.66,1.4,6.0,
0.3333,1.66,1.4,6.0,
0.3333,1.66,1.4,6.0,
0.3333,1.66,1.4,6.0,
0.3333,1.66,1.4,6.0,
0.3333,1.66,1.4,6.0,
0.3333,1.66,1.4,6.0,
0.3333,1.66,1.4,6.0,
0.3333,1.66,1.4,6.0,
0.3333,1.66,1.4,6.0,
0.3333,1.66,1.4,6.0,
0.3333,1.66,1.4,6.0,
0.3333,1.66,1.4,6.0,
0.3333,1.66,1.4,6.0,
0.3333,1.66,1.4,6.0,
0.3333,1.66,1.4,6.0,
0.3333,1.66,1.4,6.0,
0.3333,1.66,1.4,6.0,
0.3333,1.66,1.4,6.0,
0.3333,1.66,1.4,6.0,
0.3333,1.66,1.4,6.0,
0.3333,1.66,1.4,6.0,
0.3333,1.66,1.4,6.0,
0.3333,1.66,1.4,6.0,
0.25,1.66,1.4,6.0,
0.25,1.66,1.4,6.0,
0.25,1.66,1.4,6.0,
0.25,1.66,1.4,6.0,
0.25,1.66,1.4,6.0,
0.25,1.66,1.4,6.0,
0.25,1.66,1.4,6.0,
0.25,1.66,1.4,6.0,
0.25,1.66,1.4,6.0,
0.25,1.66,1.4,6.0,
0.25,1.66,1.4,6.0,
0.3191,1.55,1.4,7.0,
0.3191,1.55,1.4,7.0,
0.3175,1.55,1.4,7.0,
0.3443,1.55,1.4,7.0,
0.3443,1.55,1.4,7.0,
0.4,1.55,1.4,7.0,
0.4,1.55,1.4,7.0,
0.4,1.55,1.4,7.0,
0.4,1.55,1.4,7.0,
0.4,1.55,1.4,7.0,
0.4,1.55,1.4,7.0,
0.4,1.55,1.4,7.0,
0.4,1.55,1.4,7.0,
0.4,1.55,1.4,7.0,
0.4,1.55,1.4,7.0,
0.4,1.55,1.4,7.0,
0.4,1.55,1.4,7.0,
0.4,1.55,1.4,7.0,
0.2857,1.55,1.4,7.0,
0.2222,1.55,1.4,7.0,
0.4286,1.55,1.4,7.0,
0.4286,1.55,1.4,7.0,
0.4286,1.55,1.4,7.0,
0.4286,1.55,1.4,7.0,
0.4286,1.55,1.4,7.0,
0.4286,1.55,1.4,7.0,
0.4286,1.55,1.4,7.0,
0.4286,1.55,1.4,7.0,
0.4167,1.55,1.4,7.0,
0.3846,1.55,1.4,7.0,
0.3846,1.55,1.4,7.0,
0.3684,1.55,1.4,7.0,
0.32,1.55,1.4,7.0,
0.4091,1.55,1.4,7.0,
0.5,1.55,1.4,7.0,
0.5,1.55,1.4,7.0,
0.5,1.55,1.4,7.0,
0.5,1.55,1.4,7.0,
0.5,1.55,1.4,7.0,
0.5,1.55,1.4,7.0,
0.3333,1.55,1.4,7.0,
0.3333,1.55,1.4,7.0,
0.3333,1.55,1.4,7.0,
0.3333,1.55,1.4,7.0,
0.3333,1.55,1.4,7.0,
0.3333,1.55,1.4,7.0,
0.3333,1.55,1.4,7.0,
0.3333,1.55,1.4,7.0,
0.3333,1.55,1.4,7.0,
0.3333,1.55,1.4,7.0,
0.3333,1.55,1.4,7.0,
0.3333,1.55,1.4,7.0,
0.3333,1.55,1.4,7.0,
0.3333,1.55,1.4,7.0,
0.3333,1.55,1.4,7.0,
0.3333,1.55,1.4,7.0,
0.3333,1.55,1.4,7.0,
0.3333,1.55,1.4,7.0,
0.3333,1.55,1.4,7.0,
0.3333,1.55,1.4,7.0,
0.3333,1.55,1.4,7.0,
0.3333,1.55,1.4,7.0,
0.3333,1.55,1.4,7.0,
0.3333,1.55,1.4,7.0,
0.3333,1.55,1.4,7.0,
0.25,1.55,1.4,7.0,
0.2,1.55,1.4,7.0,
0.4762,1.83,1.4,3.0,
0.4762,1.83,1.4,3.0,
0.4762,1.83,1.4,3.0,
0.4783,1.83,1.4,3.0,
0.48,1.83,1.4,3.0,
0.4815,1.83,1.4,3.0,
0.4643,1.83,1.4,3.0,
0.4062,1.83,1.4,3.0,
0.4828,1.83,1.4,3.0,
0.4839,1.83,1.4,3.0,
0.4839,1.83,1.4,3.0,
0.4857,1.83,1.4,3.0,
0.4773,1.83,1.4,3.0,
0.3962,1.83,1.4,3.0,
0.4792,1.83,1.4,3.0,
0.4182,1.83,1.4,3.0,
0.4182,1.83,1.4,3.0,
0.4386,1.83,1.4,3.0,
0.4,1.83,1.4,3.0,
0.4,1.83,1.4,3.0,
0.4,1.83,1.4,3.0,
0.4,1.83,1.4,3.0,
0.4,1.83,1.4,3.0,
0.4,1.83,1.4,3.0,
0.4,1.83,1.4,3.0,
0.4,1.83,1.4,3.0,
0.4,1.83,1.4,3.0,
0.4,1.83,1.4,3.0,
0.4,1.83,1.4,3.0,
0.4,1.83,1.4,3.0,
0.4,1.83,1.4,3.0,
0.4,1.83,1.4,3.0,
0.4,1.83,1.4,3.0,
0.4,1.83,1.4,3.0,
0.4,1.83,1.4,3.0,
0.4,1.83,1.4,3.0,
0.4,1.83,1.4,3.0,
0.4,1.83,1.4,3.0,
0.4,1.83,1.4,3.0,
0.4,1.83,1.4,3.0,
0.4,1.83,1.4,3.0,
0.4,1.83,1.4,3.0,
0.4,1.83,1.4,3.0,
0.4,1.83,1.4,3.0,
0.2857,1.83,1.4,3.0,
0.4776,1.83,1.4,3.0,
0.493,1.83,1.4,3.0,
0.4935,1.83,1.4,3.0,
0.75,1.83,1.4,3.0,
0.4286,1.83,1.4,3.0,
0.4286,1.83,1.4,3.0,
0.4286,1.83,1.4,3.0,
0.4286,1.83,1.4,3.0,
0.4286,1.83,1.4,3.0,
0.4286,1.83,1.4,3.0,
0.4286,1.83,1.4,3.0,
0.4286,1.83,1.4,3.0,
0.4286,1.83,1.4,3.0,
0.4286,1.83,1.4,3.0,
0.4286,1.83,1.4,3.0,
0.4286,1.83,1.4,3.0,
0.4286,1.83,1.4,3.0,
0.4286,1.83,1.4,3.0,
0.4286,1.83,1.4,3.0,
0.4286,1.83,1.4,3.0,
0.4286,1.83,1.4,3.0,
0.4286,1.83,1.4,3.0,
0.4286,1.83,1.4,3.0,
0.4286,1.83,1.4,3.0,
0.4286,1.83,1.4,3.0,
0.4286,1.83,1.4,3.0,
0.4286,1.83,1.4,3.0,
0.4286,1.83,1.4,3.0,
0.4286,1.83,1.4,3.0,
0.4286,1.83,1.4,3.0,
0.4286,1.83,1.4,3.0,
0.4286,1.83,1.4,3.0,
0.4286,1.83,1.4,3.0,
0.4286,1.83,1.4,3.0,
0.4227,1.83,1.4,3.0,
0.4019,1.83,1.4,3.0,
0.2353,1.83,1.4,3.0,
0.2353,1.83,1.4,3.0,
0.4444,1.83,1.4,3.0,
0.4167,1.83,1.4,3.0,
0.4167,1.83,1.4,3.0,
0.3846,1.83,1.4,3.0,-1.456271
0.3846,1.83,1.4,3.0,
0.3846,1.83,1.4,3.0,
0.4667,1.83,1.4,3.0,
0.4667,1.83,1.4,3.0,
0.4375,1.83,1.4,3.0,
0.32,1.83,1.4,3.0,
0.4706,1.83,1.4,3.0,
0.4706,1.83,1.4,3.0,
0.4737,1.83,1.4,3.0,
0.4091,1.83,1.4,3.0,
0.5,1.83,1.4,3.0,
0.5,1.83,1.4,3.0,
0.5,1.83,1.4,3.0,
0.5,1.83,1.4,3.0,
0.5,1.83,1.4,3.0,
0.5,1.83,1.4,3.0,
0.5,1.83,1.4,3.0,
0.5,1.83,1.4,3.0,
0.5,1.83,1.4,3.0,
0.5,1.83,1.4,3.0,
0.5,1.83,1.4,3.0,
0.5,1.83,1.4,3.0,
0.5,1.83,1.4,3.0,
0.5,1.83,1.4,3.0,
0.5,1.83,1.4,3.0,
0.5,1.83,1.4,3.0,
0.5,1.83,1.4,3.0,
0.5,1.83,1.4,3.0,
0.3333,1.83,1.4,3.0,
0.3333,1.83,1.4,3.0,
0.3333,1.83,1.4,3.0,
0.3333,1.83,1.4,3.0,
0.3333,1.83,1.4,3.0,
0.3333,1.83,1.4,3.0,
0.3333,1.83,1.4,3.0,
0.3333,1.83,1.4,3.0,
0.3333,1.83,1.4,3.0,
0.3333,1.83,1.4,3.0,
0.3333,1.83,1.4,3.0,
0.3333,1.83,1.4,3.0,
0.3333,1.83,1.4,3.0,
0.3333,1.83,1.4,3.0,
0.3333,1.83,1.4,3.0,
0.3333,1.83,1.4,3.0,
0.3333,1.83,1.4,3.0,
0.3333,1.83,1.4,3.0,
0.3333,1.83,1.4,3.0,
0.3333,1.83,1.4,3.0,
0.3333,1.83,1.4,3.0,
0.3333,1.83,1.4,3.0,
0.3333,1.83,1.4,3.0,
0.3333,1.83,1.4,3.0,
0.25,1.83,1.4,3.0,
0.3488,1.88,1.35,3.0,
0.3443,1.88,1.35,3.0,
0.4182,1.88,1.35,3.0,
0.4182,1.88,1.35,3.0,
0.4203,1.88,1.35,3.0,
0.4,1.88,1.35,3.0,
0.4286,1.88,1.35,3.0,
0.4286,1.88,1.35,3.0,
0.4286,1.88,1.35,3.0,
0.4286,1.88,1.35,3.0,
0.4167,1.88,1.35,3.0,
0.3846,1.88,1.35,3.0,
0.3684,1.88,1.35,3.0,
0.3684,1.88,1.35,3.0,
0.4091,1.88,1.35,3.0,
0.5,1.88,1.35,3.0,
0.5,1.88,1.35,3.0,
0.5,1.88,1.35,3.0,
0.5,1.88,1.35,3.0,
0.5,1.88,1.35,3.0,
0.5,1.88,1.35,3.0,
0.5,1.88,1.35,3.0,
0.5,1.88,1.35,3.0,
0.3333,1.88,1.35,3.0,
0.3333,1.88,1.35,3.0,
0.3333,1.88,1.35,3.0,
0.3333,1.88,1.35,3.0,
0.3333,1.88,1.35,3.0,
0.3333,1.88,1.35,3.0,
0.3333,1.88,1.35,3.0,
0.3333,1.88,1.35,3.0,
0.3333,1.88,1.35,3.0,
0.3333,1.88,1.35,3.0,
0.3333,1.88,1.35,3.0,
0.3333,1.88,1.35,3.0,
0.3333,1.88,1.35,3.0,
0.3333,1.88,1.35,3.0,
0.3333,1.88,1.35,3.0,
0.3333,1.88,1.35,3.0,
0.3333,1.88,1.35,3.0,
0.3333,1.88,1.35,3.0,
0.3333,1.88,1.35,3.0,
0.3333,1.88,1.35,3.0,
0.3333,1.88,1.35,3.0,
0.3333,1.88,1.35,3.0,
0.3333,1.88,1.35,3.0,
0.3333,1.88,1.35,3.0,
0.3333,1.88,1.35,3.0,
0.3333,1.88,1.35,3.0,
0.3333,1.88,1.35,3.0,
0.3333,1.88,1.35,3.0,
0.3333,1.88,1.35,3.0,
0.3333,1.88,1.35,3.0,
0.3333,1.88,1.35,3.0,
0.3333,1.88,1.35,3.0,
0.3333,1.88,1.35,3.0,
0.3333,1.88,1.35,3.0,
0.3333,1.88,1.35,3.0,
0.3333,1.88,1.35,3.0,
0.2,1.88,1.35,3.0,
0.4839,1.91,1.35,2.0,
0.4839,1.91,1.35,2.0,
0.4839,1.91,1.35,2.0,
0.4,1.91,1.35,2.0,
0.4,1.91,1.35,2.0,
0.2857,1.91,1.35,2.0,
0.4286,1.91,1.35,2.0,
0.4286,1.91,1.35,2.0,
0.8,1.91,1.35,2.0,
0.5714,1.91,1.35,2.0,
0.3125,1.91,1.35,2.0,
0.5556,1.91,1.35,2.0,
0.5556,1.91,1.35,2.0,
0.4545,1.91,1.35,2.0,
0.4167,1.91,1.35,2.0,
0.4615,1.91,1.35,2.0,
0.4737,1.91,1.35,2.0,
0.4091,1.91,1.35,2.0,
0.5,1.91,1.35,2.0,
0.5,1.91,1.35,2.0,
0.3333,1.91,1.35,2.0,
0.3333,1.91,1.35,2.0,
0.3333,1.91,1.35,2.0,
0.3333,1.91,1.35,2.0,
0.3333,1.91,1.35,2.0,
0.3333,1.91,1.35,2.0,
0.3333,1.91,1.35,2.0,
0.3333,1.91,1.35,2.0,
0.3333,1.91,1.35,2.0,
0.3333,1.91,1.35,2.0,
0.3333,1.91,1.35,2.0,
0.3333,1.91,1.35,2.0,
0.3333,1.91,1.35,2.0,
0.3333,1.91,1.35,2.0,
0.3333,1.91,1.35,2.0,
0.25,1.91,1.35,2.0,
0.6667,1.9,1.35,2.0,
0.4,1.9,1.35,2.0,
0.4,1.9,1.35,2.0,
0.4,1.9,1.35,2.0,
0.4,1.9,1.35,2.0,
0.4,1.9,1.35,2.0,
0.6,1.9,1.35,2.0,
0.4286,1.9,1.35,2.0,
0.4286,1.9,1.35,2.0,
0.5714,1.9,1.35,2.0,
0.5714,1.9,1.35,2.0,
0.4167,1.9,1.35,2.0,
0.9846,1.9,1.35,2.0,
0.8571,1.9,1.35,2.0,
0.8889,1.9,1.35,2.0,
0.8889,1.9,1.35,2.0,
0.5333,1.9,1.35,2.0,
0.5333,1.9,1.35,2.0,
0.5333,1.9,1.35,2.0,
0.4091,1.9,1.35,2.0,
0.5,1.9,1.35,2.0,
0.5,1.9,1.35,2.0,
0.5,1.9,1.35,2.0,
0.5,1.9,1.35,2.0,
0.5,1.9,1.35,2.0,
0.5,1.9,1.35,2.0,
0.5,1.9,1.35,2.0,
0.5,1.9,1.35,2.0,
0.5,1.9,1.35,2.0,
0.3333,1.9,1.35,2.0,
0.3333,1.9,1.35,2.0,
0.3333,1.9,1.35,2.0,
0.3333,1.9,1.35,2.0,
0.3333,1.9,1.35,2.0,
0.3333,1.9,1.35,2.0,
0.3333,1.9,1.35,2.0,
0.3333,1.9,1.35,2.0,
0.3333,1.9,1.35,2.0,
0.5,1.65,1.35,2.0,
0.5,1.65,1.35,2.0,
0.5,1.65,1.35,2.0,
0.5,1.65,1.35,2.0,
0.5,1.65,1.35,2.0,
0.5,1.65,1.35,2.0,
0.5,1.65,1.35,2.0,
0.5,1.65,1.35,2.0,
0.5,1.65,1.35,2.0,
0.5,1.65,1.35,2.0,
0.5,1.65,1.35,2.0,
0.5,1.65,1.35,2.0,
0.3333,1.65,1.35,2.0,
0.3333,1.65,1.35,2.0,
0.3333,1.65,1.35,2.0,
0.3333,1.65,1.35,2.0,
0.3333,1.65,1.35,2.0,
0.3333,1.65,1.35,2.0,
0.4,1.81,1.3,3.0,
0.4,1.81,1.3,3.0,
0.4,1.81,1.3,3.0,
0.4,1.81,1.3,3.0,
0.4,1.81,1.3,3.0,
0.4,1.81,1.3,3.0,
0.4,1.81,1.3,3.0,
0.4,1.81,1.3,3.0,
0.4,1.81,1.3,3.0,
0.4,1.81,1.3,3.0,
0.375,1.81,1.3,3.0,
0.4444,1.81,1.3,3.0,
0.5,1.81,1.3,3.0,
0.3333,1.81,1.3,3.0,
0.3333,1.81,1.3,3.0,
0.25,1.81,1.3,3.0,
0.1667,1.81,1.3,3.0,
0.4,2.01,1.25,4.0,-1.486897
0.75,2.01,1.25,4.0,
0.3125,2.01,1.25,4.0,
0.3043,2.01,1.25,4.0,
0.2333,2.01,1.25,4.0,
0.3333,2.01,1.25,4.0,
0.3333,2.01,1.25,4.0,
0.3333,2.01,1.25,4.0,
0.3333,2.01,1.25,4.0,
0.3333,2.01,1.25,4.0,
0.3333,2.01,1.25,4.0,
0.3333,2.01,1.25,4.0,
0.3333,2.01,1.25,4.0,
0.3333,2.01,1.25,4.0,
0.322,1.33,1.55,4.0,
0.3553,1.33,1.55,4.0,
0.6667,1.33,1.55,4.0,
0.6667,1.33,1.55,4.0,
0.75,1.33,1.55,4.0,
0.75,1.33,1.55,4.0,
0.75,1.33,1.55,4.0,
0.8,1.33,1.55,4.0,
0.3529,1.33,1.55,4.0,
0.5,1.33,1.55,4.0,
0.5,1.33,1.55,4.0,
0.3333,1.33,1.55,4.0,
0.3333,1.33,1.55,4.0,
0.3333,1.33,1.55,4.0,
0.3333,1.33,1.55,4.0,
0.3333,1.33,1.55,4.0,
0.3333,1.33,1.55,4.0,
0.3333,1.33,1.55,4.0,
0.3333,1.33,1.55,4.0,
0.3333,1.33,1.55,4.0,
0.3333,1.33,1.55,4.0,
0.3333,1.33,1.55,4.0,
0.3333,1.33,1.55,4.0,
0.3333,1.33,1.55,4.0,
0.3333,1.33,1.55,4.0,
0.3333,1.33,1.55,4.0,
0.3333,1.33,1.55,4.0,
0.3333,1.33,1.55,4.0,
0.3333,1.33,1.55,4.0,
0.3333,1.33,1.55,4.0,
0.3333,1.33,1.55,4.0,
0.2927,1.6,1.45,5.0,
0.2927,1.6,1.45,5.0,
0.4,1.6,1.45,5.0,-2.572572
0.2857,1.6,1.45,5.0,
0.2857,1.6,1.45,5.0,
0.2857,1.6,1.45,5.0,
0.2857,1.6,1.45,5.0,
0.2857,1.6,1.45,5.0,
0.2857,1.6,1.45,5.0,
0.2857,1.6,1.45,5.0,
0.2857,1.6,1.45,5.0,
0.2857,1.6,1.45,5.0,
0.2857,1.6,1.45,5.0,
0.2857,1.6,1.45,5.0,
0.4444,1.6,1.45,5.0,
0.3077,1.6,1.45,5.0,
0.5,1.6,1.45,5.0,
0.5,1.6,1.45,5.0,
0.5,1.6,1.45,5.0,
0.3333,1.6,1.45,5.0,
0.3333,1.6,1.45,5.0,
0.3333,1.6,1.45,5.0,
0.3333,1.6,1.45,5.0,
0.3333,1.6,1.45,5.0,
0.3333,1.6,1.45,5.0,
0.3333,1.6,1.45,5.0,
0.3333,1.6,1.45,5.0,
0.3333,1.6,1.45,5.0,
0.3333,1.6,1.45,5.0,
0.3333,1.6,1.45,5.0,
0.25,1.6,1.45,5.0,-2.459405
0.25,1.6,1.45,5.0,
0.25,1.6,1.45,5.0,
0.2826,2.16,1.45,6.0,
0.2656,2.16,1.45,6.0,
0.6667,2.16,1.45,6.0,
0.4,2.16,1.45,6.0,
0.2857,2.16,1.45,6.0,
0.2857,2.16,1.45,6.0,
0.2857,2.16,1.45,6.0,
0.2222,2.16,1.45,6.0,
0.2308,2.16,1.45,6.0,
0.2308,2.16,1.45,6.0,
0.3,2.16,1.45,6.0,
0.2727,2.16,1.45,6.0,
0.2727,2.16,1.45,6.0,
0.2727,2.16,1.45,6.0,
0.2727,2.16,1.45,6.0,
0.2727,2.16,1.45,6.0,
0.2667,2.16,1.45,6.0,
0.2667,2.16,1.45,6.0,
0.2667,2.16,1.45,6.0,
0.4444,2.16,1.45,6.0,
0.3077,2.16,1.45,6.0,
0.2632,2.16,1.45,6.0,
0.2632,2.16,1.45,6.0,
0.2581,2.16,1.45,6.0,
0.2581,2.16,1.45,6.0,
0.2581,2.16,1.45,6.0,
0.2647,2.16,1.45,6.0,
0.2571,2.16,1.45,6.0,
0.2571,2.16,1.45,6.0,
0.2571,2.16,1.45,6.0,
0.3333,2.16,1.45,6.0,
0.3333,2.16,1.45,6.0,
0.3333,2.16,1.45,6.0,
0.3333,2.16,1.45,6.0,
0.3333,2.16,1.45,6.0,
0.3333,2.16,1.45,6.0,
0.3333,2.16,1.45,6.0,
0.3333,2.16,1.45,6.0,
0.3333,2.16,1.45,6.0,
0.3333,2.16,1.45,6.0,
0.3333,2.16,1.45,6.0,
0.3333,2.16,1.45,6.0,
0.3333,2.16,1.45,6.0,
0.3333,2.16,1.45,6.0,
0.3333,2.16,1.45,6.0,
0.3333,2.16,1.45,6.0,
0.3333,2.16,1.45,6.0,
0.3333,2.16,1.45,6.0,
0.25,2.16,1.45,6.0,
0.25,2.16,1.45,6.0,
0.25,2.16,1.45,6.0,
0.25,2.16,1.45,6.0,
0.25,2.16,1.45,6.0,
0.25,2.16,1.45,6.0,
0.25,2.16,1.45,6.0,
0.25,2.16,1.45,6.0,
0.25,2.16,1.45,6.0,
0.25,2.16,1.45,6.0,
0.25,2.16,1.45,6.0,
0.25,2.16,1.45,6.0,
0.25,2.16,1.45,6.0,
0.25,2.16,1.45,6.0,
0.25,2.16,1.45,6.0,
0.25,2.16,1.45,6.0,
0.25,2.16,1.45,6.0,
0.2,2.16,1.45,6.0,
0.2,2.16,1.45,6.0,
0.2,2.16,1.45,6.0,
0.2,2.16,1.45,6.0,
0.1667,2.16,1.45,6.0,
0.1667,2.16,1.45,6.0,
0.6667,1.96,1.45,4.0,
0.4,1.96,1.45,4.0,
0.4286,1.96,1.45,4.0,
0.4286,1.96,1.45,4.0,
0.2727,1.96,1.45,4.0,
0.4545,1.96,1.45,4.0,
0.4167,1.96,1.45,4.0,
0.5,1.96,1.45,4.0,
0.5,1.96,1.45,4.0,
0.5,1.96,1.45,4.0,
0.5,1.96,1.45,4.0,
0.5,1.96,1.45,4.0,
0.5,1.96,1.45,4.0,
0.5,1.96,1.45,4.0,
0.5,1.96,1.45,4.0,
0.5,1.96,1.45,4.0,
0.5,1.96,1.45,4.0,
0.3333,1.96,1.45,4.0,
0.3333,1.96,1.45,4.0,
0.3333,1.96,1.45,4.0,
0.3333,1.96,1.45,4.0,
0.3333,1.96,1.45,4.0,
0.3333,1.96,1.45,4.0,
0.3333,1.96,1.45,4.0,
0.3333,1.96,1.45,4.0,
0.3333,1.96,1.45,4.0,
0.3333,1.96,1.45,4.0,
0.3333,1.96,1.45,4.0,
0.3333,1.96,1.45,4.0,
0.3333,1.96,1.45,4.0,
0.3333,1.96,1.45,4.0,
0.3333,1.96,1.45,4.0,
0.3333,1.96,1.45,4.0,
0.3333,1.96,1.45,4.0,
0.3333,1.96,1.45,4.0,
0.3333,1.96,1.45,4.0,
0.3333,1.96,1.45,4.0,
0.3333,1.96,1.45,4.0,
0.3333,1.96,1.45,4.0,
0.3333,1.96,1.45,4.0,
0.3333,1.96,1.45,4.0,
0.3333,1.96,1.45,4.0,
0.3333,1.96,1.45,4.0,
0.3333,1.96,1.45,4.0,
0.3333,1.96,1.45,4.0,
0.3333,1.96,1.45,4.0,
0.3333,1.96,1.45,4.0,
0.2564,2.36,1.35,6.0,
0.4783,2.36,1.35,6.0,
0.2656,2.36,1.35,6.0,
0.2656,2.36,1.35,6.0,
0.2656,2.36,1.35,6.0,
0.2687,2.36,1.35,6.0,
0.2551,2.36,1.35,6.0,
0.4,2.36,1.35,6.0,
0.2857,2.36,1.35,6.0,
0.2857,2.36,1.35,6.0,
0.2857,2.36,1.35,6.0,
0.2857,2.36,1.35,6.0,
0.2222,2.36,1.35,6.0,
0.2222,2.36,1.35,6.0,
0.75,2.36,1.35,6.0,
0.2308,2.36,1.35,6.0,
0.2308,2.36,1.35,6.0,
0.3,2.36,1.35,6.0,
0.2727,2.36,1.35,6.0,
0.2727,2.36,1.35,6.0,
0.2727,2.36,1.35,6.0,
0.2727,2.36,1.35,6.0,
0.2727,2.36,1.35,6.0,
0.2727,2.36,1.35,6.0,
0.2727,2.36,1.35,6.0,
0.3077,2.36,1.35,6.0,
0.2632,2.36,1.35,6.0,
0.4167,2.36,1.35,6.0,
0.2759,2.36,1.35,6.0,
0.4091,2.36,1.35,6.0,
0.3333,2.36,1.35,6.0,
0.3333,2.36,1.35,6.0,
0.3333,2.36,1.35,6.0,
0.3333,2.36,1.35,6.0,
0.3333,2.36,1.35,6.0,
0.3333,2.36,1.35,6.0,
0.3333,2.36,1.35,6.0,
0.3333,2.36,1.35,6.0,
0.3333,2.36,1.35,6.0,
0.3333,2.36,1.35,6.0,
0.3333,2.36,1.35,6.0,
0.3333,2.36,1.35,6.0,
0.3333,2.36,1.35,6.0,
0.3333,2.36,1.35,6.0,
0.3333,2.36,1.35,6.0,
0.3333,2.36,1.35,6.0,
0.3333,2.36,1.35,6.0,
0.3333,2.36,1.35,6.0,
0.3333,2.36,1.35,6.0,
0.3333,2.36,1.35,6.0,
0.25,2.36,1.35,6.0,
0.25,2.36,1.35,6.0,
0.25,2.36,1.35,6.0,
0.25,2.36,1.35,6.0,
0.25,2.36,1.35,6.0,
0.25,2.36,1.35,6.0,
0.25,2.36,1.35,6.0,
0.25,2.36,1.35,6.0,
0.25,2.36,1.35,6.0,
0.25,2.36,1.35,6.0,
0.25,2.36,1.35,6.0,
0.25,2.36,1.35,6.0,
0.25,2.36,1.35,6.0,
0.25,2.36,1.35,6.0,
0.25,2.36,1.35,6.0,
0.25,2.36,1.35,6.0,
0.25,2.36,1.35,6.0,
0.25,2.36,1.35,6.0,
0.25,2.36,1.35,6.0,
0.25,2.36,1.35,6.0,
0.25,2.36,1.35,6.0,
0.25,2.36,1.35,6.0,
0.25,2.36,1.35,6.0,
0.25,2.36,1.35,6.0,
0.25,2.36,1.35,6.0,
0.25,2.36,1.35,6.0,
0.25,2.36,1.35,6.0,
0.25,2.36,1.35,6.0,
0.25,2.36,1.35,6.0,
0.25,2.36,1.35,6.0,
0.25,2.36,1.35,6.0,
0.25,2.36,1.35,6.0,
0.25,2.36,1.35,6.0,
0.25,2.36,1.35,6.0,
0.25,2.36,1.35,6.0,
0.25,2.36,1.35,6.0,
0.25,2.36,1.35,6.0,
0.25,2.36,1.35,6.0,
0.25,2.36,1.35,6.0,
0.25,2.36,1.35,6.0,
0.25,2.36,1.35,6.0,
0.2,2.36,1.35,6.0,
0.1667,2.36,1.35,6.0,
0.1667,2.36,1.35,6.0,
0.1667,2.36,1.35,6.0,
0.1667,2.36,1.35,6.0,
0.3793,1.61,1.25,3.0,
0.6667,1.61,1.25,3.0,
0.6667,1.61,1.25,3.0,
0.6667,1.61,1.25,3.0,
0.4,1.61,1.25,3.0,-2.555878
0.4,1.61,1.25,3.0,-3.426551
0.4,1.61,1.25,3.0,-3.33063
0.4,1.61,1.25,3.0,
0.4,1.61,1.25,3.0,
0.4,1.61,1.25,3.0,
0.4,1.61,1.25,3.0,
0.4,1.61,1.25,3.0,
0.4,1.61,1.25,3.0,
0.4,1.61,1.25,3.0,
0.4,1.61,1.25,3.0,-3.255089
0.4,1.61,1.25,3.0,
0.4,1.61,1.25,3.0,
0.4,1.61,1.25,3.0,
0.4,1.61,1.25,3.0,
0.4,1.61,1.25,3.0,
0.4,1.61,1.25,3.0,
0.4,1.61,1.25,3.0,
0.4,1.61,1.25,3.0,
0.4,1.61,1.25,3.0,
0.4,1.61,1.25,3.0,
0.4,1.61,1.25,3.0,
0.4,1.61,1.25,3.0,
0.4,1.61,1.25,3.0,
0.4,1.61,1.25,3.0,
0.4,1.61,1.25,3.0,
0.4,1.61,1.25,3.0,
0.4,1.61,1.25,3.0,
0.4,1.61,1.25,3.0,
0.4,1.61,1.25,3.0,
0.4,1.61,1.25,3.0,
0.4,1.61,1.25,3.0,
0.4,1.61,1.25,3.0,
0.4,1.61,1.25,3.0,
0.4,1.61,1.25,3.0,
0.4,1.61,1.25,3.0,
0.4,1.61,1.25,3.0,
0.4,1.61,1.25,3.0,
0.4,1.61,1.25,3.0,
0.4,1.61,1.25,3.0,
0.4,1.61,1.25,3.0,
0.4,1.61,1.25,3.0,
0.4,1.61,1.25,3.0,
0.4,1.61,1.25,3.0,
0.4,1.61,1.25,3.0,
0.4,1.61,1.25,3.0,
0.4,1.61,1.25,3.0,
0.4,1.61,1.25,3.0,
0.4,1.61,1.25,3.0,
0.4,1.61,1.25,3.0,
0.4,1.61,1.25,3.0,
0.4,1.61,1.25,3.0,
0.4,1.61,1.25,3.0,
0.4,1.61,1.25,3.0,
0.4,1.61,1.25,3.0,
0.4,1.61,1.25,3.0,
0.4,1.61,1.25,3.0,
0.4,1.61,1.25,3.0,
0.4,1.61,1.25,3.0,
0.4,1.61,1.25,3.0,
0.4,1.61,1.25,3.0,
0.4,1.61,1.25,3.0,
0.4,1.61,1.25,3.0,
0.4,1.61,1.25,3.0,
0.4,1.61,1.25,3.0,
0.4,1.61,1.25,3.0,
0.4,1.61,1.25,3.0,
0.4,1.61,1.25,3.0,
0.4,1.61,1.25,3.0,
0.4,1.61,1.25,3.0,
0.4,1.61,1.25,3.0,
0.4,1.61,1.25,3.0,
0.4,1.61,1.25,3.0,
0.4,1.61,1.25,3.0,
0.4,1.61,1.25,3.0,
0.4,1.61,1.25,3.0,
0.4,1.61,1.25,3.0,
0.4,1.61,1.25,3.0,
0.4,1.61,1.25,3.0,
0.4,1.61,1.25,3.0,
0.4,1.61,1.25,3.0,
0.4,1.61,1.25,3.0,
0.4,1.61,1.25,3.0,
0.4,1.61,1.25,3.0,
0.4,1.61,1.25,3.0,
0.4,1.61,1.25,3.0,
0.4,1.61,1.25,3.0,
0.4,1.61,1.25,3.0,
0.4,1.61,1.25,3.0,
0.6441,1.61,1.25,3.0,
0.6441,1.61,1.25,3.0,
0.3846,1.61,1.25,3.0,
0.3846,1.61,1.25,3.0,
0.7273,1.61,1.25,3.0,
0.5,1.61,1.25,3.0,-1.552116
0.3333,1.61,1.25,3.0,-2.560203
0.3333,1.61,1.25,3.0,
0.3333,1.61,1.25,3.0,
0.3333,1.61,1.25,3.0,
0.3333,1.61,1.25,3.0,
0.25,1.61,1.25,3.0,
0.25,1.61,1.25,3.0,
0.25,1.61,1.25,3.0,
0.25,1.61,1.25,3.0,
0.25,1.61,1.25,3.0,
0.25,1.61,1.25,3.0,
0.25,1.61,1.25,3.0,
0.25,1.61,1.25,3.0,
0.25,1.61,1.25,3.0,
0.25,1.61,1.25,3.0,
0.5,1.31,1.5,2.0,
0.5,1.31,1.5,2.0,
0.5,1.31,1.5,2.0,
0.5,1.31,1.5,2.0,
0.5,1.31,1.5,2.0,
0.5,1.31,1.5,2.0,
0.5,1.31,1.5,2.0,
0.5,1.31,1.5,2.0,
0.5,1.31,1.5,2.0,
0.5,1.31,1.5,2.0,
0.5,1.31,1.5,2.0,
0.5,1.31,1.5,2.0,
0.5,1.31,1.5,2.0,
0.5,1.31,1.5,2.0,
0.5,1.31,1.5,2.0,
0.5,1.31,1.5,2.0,
0.5,1.31,1.5,2.0,
0.5,1.31,1.5,2.0,
0.5,1.31,1.5,2.0,
0.5,1.31,1.5,2.0,
0.5,1.31,1.5,2.0,
0.5,1.31,1.5,2.0,
0.5,1.31,1.5,2.0,
0.3333,1.31,1.5,2.0,-1.485111
0.3333,1.31,1.5,2.0,
0.3333,1.31,1.5,2.0,
0.3333,1.31,1.5,2.0,
0.3333,1.31,1.5,2.0,
0.4,1,1.8,2.0,
0.5,1,1.8,2.0,
0.5,1,1.8,2.0,
0.5,1,1.8,2.0,
0.5,1,1.8,2.0,
0.5,1,1.8,2.0,
0.5,1,1.8,2.0,
0.5,1,1.8,2.0,
0.5,1,1.8,2.0,
0.0909,1,1.8,2.0,
0.0909,1,1.8,2.0,
0.3333,1,1.8,2.0,
0.3333,1,1.8,2.0,
0.3333,1,1.8,2.0,
0.3333,1,1.8,2.0,
